-- phpMyAdmin SQL Dump
-- version 4.8.5
-- https://www.phpmyadmin.net/
--
-- Host: 127.0.0.1
-- Generation Time: 07-Jun-2019 às 17:11
-- Versão do servidor: 10.1.38-MariaDB
-- versão do PHP: 7.1.28

SET SQL_MODE = "NO_AUTO_VALUE_ON_ZERO";
SET AUTOCOMMIT = 0;
START TRANSACTION;
SET time_zone = "+00:00";


/*!40101 SET @OLD_CHARACTER_SET_CLIENT=@@CHARACTER_SET_CLIENT */;
/*!40101 SET @OLD_CHARACTER_SET_RESULTS=@@CHARACTER_SET_RESULTS */;
/*!40101 SET @OLD_COLLATION_CONNECTION=@@COLLATION_CONNECTION */;
/*!40101 SET NAMES utf8mb4 */;

--
-- Database: `bd_carros`
--

-- --------------------------------------------------------

--
-- Estrutura da tabela `ano`
--

CREATE TABLE `ano` (
  `id_ano` int(11) NOT NULL,
  `ano` int(11) NOT NULL
) ENGINE=InnoDB DEFAULT CHARSET=latin1;

--
-- Extraindo dados da tabela `ano`
--

INSERT INTO `ano` (`id_ano`, `ano`) VALUES
(1, 1950),
(2, 1951),
(3, 1952),
(4, 1953),
(5, 1954),
(6, 1955),
(7, 1956),
(8, 1957),
(9, 1958),
(10, 1959),
(11, 1960),
(12, 1961),
(13, 1962),
(14, 1963),
(15, 1964),
(16, 1965),
(17, 1966),
(18, 1967),
(19, 1968),
(20, 1969),
(21, 1970),
(22, 1971),
(23, 1972),
(24, 1973),
(25, 1974),
(26, 1975),
(27, 1976),
(28, 1977),
(29, 1978),
(30, 1979),
(31, 1980),
(32, 1981),
(33, 1982),
(34, 1983),
(35, 1984),
(36, 1985),
(37, 1986),
(38, 1987),
(39, 1988),
(40, 1989),
(41, 1990),
(42, 1991),
(43, 1992),
(44, 1993),
(45, 1994),
(46, 1995),
(47, 1996),
(48, 1997),
(49, 1998),
(50, 1999),
(51, 2000),
(52, 2001),
(53, 2002),
(54, 2003),
(55, 2004),
(56, 2005),
(57, 2006),
(58, 2007),
(59, 2008),
(60, 2009),
(61, 2010),
(62, 2011),
(63, 2012),
(64, 2013),
(65, 2014),
(66, 2015),
(67, 2016),
(68, 2017),
(69, 2018),
(70, 2019);

-- --------------------------------------------------------

--
-- Estrutura da tabela `carro`
--

CREATE TABLE `carro` (
  `id_carro` int(11) NOT NULL,
  `id_utilizador` int(11) NOT NULL,
  `id_marca` int(11) NOT NULL,
  `id_modelo` int(11) NOT NULL,
  `id_ano` int(11) NOT NULL,
  `id_mes` int(11) NOT NULL,
  `preco` int(11) NOT NULL,
  `km` int(11) NOT NULL,
  `id_combustivel` int(11) NOT NULL,
  `potencia` int(11) NOT NULL,
  `cilindrada` int(11) NOT NULL,
  `id_cor` int(11) NOT NULL,
  `id_caixa` int(11) NOT NULL,
  `id_extras` int(11) NOT NULL
) ENGINE=InnoDB DEFAULT CHARSET=latin1;

--
-- Extraindo dados da tabela `carro`
--

INSERT INTO `carro` (`id_carro`, `id_utilizador`, `id_marca`, `id_modelo`, `id_ano`, `id_mes`, `preco`, `km`, `id_combustivel`, `potencia`, `cilindrada`, `id_cor`, `id_caixa`, `id_extras`) VALUES
(19, 1, 3, 10, 67, 3, 20000, 10000, 4, 120, 1900, 3, 3, 19),
(20, 1, 7, 49, 69, 4, 50000, 20000, 2, 120, 2500, 5, 1, 20),
(21, 1, 4, 16, 65, 5, 8000, 500000, 2, 120, 2100, 12, 2, 21),
(22, 1, 6, 31, 66, 4, 50000, 20000, 3, 150, 2500, 2, 1, 22),
(23, 1, 9, 87, 70, 4, 100000, 1000, 4, 200, 3000, 4, 3, 23),
(24, 1, 7, 50, 68, 6, 5000, 300000, 2, 150, 1900, 4, 2, 24),
(25, 1, 7, 46, 56, 4, 5000, 300000, 2, 150, 1900, 5, 1, 25);

-- --------------------------------------------------------

--
-- Estrutura da tabela `combustivel`
--

CREATE TABLE `combustivel` (
  `id_combustivel` int(11) NOT NULL,
  `combustivel` varchar(40) NOT NULL
) ENGINE=InnoDB DEFAULT CHARSET=latin1;

--
-- Extraindo dados da tabela `combustivel`
--

INSERT INTO `combustivel` (`id_combustivel`, `combustivel`) VALUES
(1, 'Gasolina'),
(2, 'Diesel'),
(3, 'GPL'),
(4, 'Elétrico'),
(5, 'Híbrido (Gasolina)'),
(6, 'Híbrido (Diesel)');

-- --------------------------------------------------------

--
-- Estrutura da tabela `cor`
--

CREATE TABLE `cor` (
  `id_cor` int(11) NOT NULL,
  `cor` varchar(40) NOT NULL
) ENGINE=InnoDB DEFAULT CHARSET=latin1;

--
-- Extraindo dados da tabela `cor`
--

INSERT INTO `cor` (`id_cor`, `cor`) VALUES
(1, 'Amarelo'),
(2, 'Azul'),
(3, 'Beje'),
(4, 'Branco'),
(5, 'Cinzento'),
(6, 'Dourado'),
(7, 'Laranja'),
(8, 'Prateado'),
(9, 'Preto'),
(10, 'Roxo'),
(11, 'Verde'),
(12, 'Vermelho'),
(13, 'Castanho'),
(14, 'Outra');

-- --------------------------------------------------------

--
-- Estrutura da tabela `data_inserido`
--

CREATE TABLE `data_inserido` (
  `id_data` int(11) NOT NULL,
  `data_inserido` datetime NOT NULL,
  `id_carro` int(11) NOT NULL
) ENGINE=InnoDB DEFAULT CHARSET=latin1;

--
-- Extraindo dados da tabela `data_inserido`
--

INSERT INTO `data_inserido` (`id_data`, `data_inserido`, `id_carro`) VALUES
(3, '2019-05-01 11:16:13', 0),
(4, '2019-05-01 11:21:15', 0),
(5, '2019-05-01 11:21:40', 0),
(6, '2019-05-01 11:23:08', 0),
(7, '2019-05-01 12:09:34', 0),
(8, '2019-05-01 12:09:40', 0),
(9, '2019-05-01 12:25:46', 0),
(10, '2019-05-01 12:25:55', 0),
(11, '2019-05-01 12:33:32', 0),
(12, '2019-05-01 12:35:49', 0),
(13, '2019-05-01 12:36:36', 0),
(14, '2019-05-01 14:26:02', 0),
(15, '2019-05-01 14:26:32', 0),
(16, '2019-05-01 14:26:46', 0),
(17, '2019-05-01 14:27:26', 0),
(18, '2019-05-01 14:28:19', 0),
(19, '2019-05-01 14:31:12', 0),
(20, '2019-05-01 14:32:02', 0),
(21, '2019-05-01 14:35:00', 0),
(22, '2019-05-01 14:35:30', 0),
(23, '2019-05-01 14:35:44', 0),
(24, '2019-05-01 14:36:31', 0),
(25, '2019-05-01 14:37:46', 0),
(26, '2019-05-01 14:42:28', 0),
(27, '2019-05-01 14:43:02', 0),
(28, '2019-05-01 14:43:37', 0),
(29, '2019-05-01 14:46:53', 0),
(30, '2019-05-01 14:47:44', 0),
(31, '2019-05-01 14:48:31', 0),
(32, '2019-05-01 15:49:49', 0);

-- --------------------------------------------------------

--
-- Estrutura da tabela `distrito`
--

CREATE TABLE `distrito` (
  `id_distrito` int(11) NOT NULL,
  `distrito` varchar(40) NOT NULL
) ENGINE=InnoDB DEFAULT CHARSET=latin1;

--
-- Extraindo dados da tabela `distrito`
--

INSERT INTO `distrito` (`id_distrito`, `distrito`) VALUES
(32, 'Aveiro'),
(33, 'Beja'),
(34, 'Braga'),
(35, 'Bragança'),
(36, 'Castelo Branco'),
(37, 'Coimbra'),
(38, 'Évora'),
(39, 'Faro'),
(40, 'Guarda'),
(41, 'Leiria'),
(42, 'Lisboa'),
(43, 'Portalegre'),
(44, 'Porto'),
(45, 'Santarém'),
(46, 'Setúbal'),
(47, 'Viana do Castelo'),
(48, 'Vila Real'),
(49, 'Viseu');

-- --------------------------------------------------------

--
-- Estrutura da tabela `extras`
--

CREATE TABLE `extras` (
  `id_extras` int(11) NOT NULL,
  `primeiro_nome` varchar(50) NOT NULL,
  `ultimo_nome` varchar(50) NOT NULL,
  `email` varchar(100) NOT NULL,
  `distrito` varchar(50) NOT NULL,
  `concelho` varchar(50) NOT NULL,
  `freguesia` varchar(50) NOT NULL,
  `telemovel` int(11) NOT NULL,
  `data_inserido` datetime NOT NULL,
  `valor` varchar(20) NOT NULL
) ENGINE=InnoDB DEFAULT CHARSET=latin1;

--
-- Extraindo dados da tabela `extras`
--

INSERT INTO `extras` (`id_extras`, `primeiro_nome`, `ultimo_nome`, `email`, `distrito`, `concelho`, `freguesia`, `telemovel`, `data_inserido`, `valor`) VALUES
(19, 'André', 'Antunes', 'andrepedrosaantunes@gmail.com', 'Bragança', 'Freixo de Espada à Cinta', 'União das freguesias de Freixo de Espada à Cinta e', 960442568, '2019-06-04 15:15:35', 'fixo'),
(20, 'André', 'Antunes', 'andrepedrosaantunes@gmail.com', 'Coimbra', 'Figueira da Foz', 'Lavos', 960442568, '2019-06-06 15:06:40', 'fixo'),
(21, 'André', 'Antunes', 'andrepedrosaantunes@gmail.com', 'Braga', 'Barcelos', 'Aborim', 960442568, '2019-06-07 09:21:50', 'negociavel'),
(22, 'André', 'Antunes', 'andrepedrosaantunes@gmail.com', 'Coimbra', 'Figueira da Foz', 'Maiorca', 960442568, '2019-06-07 10:30:46', 'negociavel'),
(23, 'André', 'Antunes', 'andrepedrosaantunes@gmail.com', 'Coimbra', 'Figueira da Foz', 'Lavos', 960442568, '2019-06-07 10:33:30', 'negociavel'),
(24, 'André', 'Antunes', 'andrepedrosaantunes@gmail.com', 'Coimbra', 'Góis', 'União das freguesias de Cadafaz e Colmeal', 960442568, '2019-06-07 10:35:37', 'fixo'),
(25, 'André', 'Antunes', 'andrepedrosaantunes@gmail.com', 'Bragança', 'Miranda do Douro', 'União das freguesias de Constantim e Cicouro', 960442568, '2019-06-07 15:23:04', 'negociavel');

-- --------------------------------------------------------

--
-- Estrutura da tabela `imagens`
--

CREATE TABLE `imagens` (
  `id_imagens` int(11) NOT NULL,
  `imagens` varchar(40) NOT NULL,
  `img_principal` int(11) NOT NULL,
  `id_carro` int(11) NOT NULL
) ENGINE=InnoDB DEFAULT CHARSET=latin1;

--
-- Extraindo dados da tabela `imagens`
--

INSERT INTO `imagens` (`id_imagens`, `imagens`, `img_principal`, `id_carro`) VALUES
(9, '166052339.jpg', 1, 19),
(10, '209154252.png', 0, 19),
(11, '573291406.jpg', 1, 20),
(12, '564871750.png', 0, 20),
(13, '480926905.jpg', 1, 21),
(14, '827290816.jpg', 0, 21),
(15, '956659076.jpg', 1, 22),
(16, '334249075.jpg', 0, 22),
(17, '197190715.jpg', 1, 23),
(18, '165322125.png', 0, 23),
(19, '994813980.jpg', 1, 24),
(20, '909078079.jpg', 0, 24),
(21, '178361353.jpg', 1, 25),
(22, '318707554.jpg', 0, 25),
(23, '936352655.jpg', 0, 25);

-- --------------------------------------------------------

--
-- Estrutura da tabela `km_pesquisar`
--

CREATE TABLE `km_pesquisar` (
  `id_km` int(11) NOT NULL,
  `km` int(11) NOT NULL
) ENGINE=InnoDB DEFAULT CHARSET=latin1;

--
-- Extraindo dados da tabela `km_pesquisar`
--

INSERT INTO `km_pesquisar` (`id_km`, `km`) VALUES
(1, 0),
(2, 500),
(3, 1000),
(4, 5000),
(5, 10000),
(6, 50000),
(7, 100000),
(8, 500000),
(9, 1000000);

-- --------------------------------------------------------

--
-- Estrutura da tabela `localizacao`
--

CREATE TABLE `localizacao` (
  `id_distrito` varchar(4) CHARACTER SET utf8 DEFAULT NULL,
  `distrito` varchar(16) CHARACTER SET utf8 COLLATE utf8_unicode_ci DEFAULT NULL,
  `conselho` varchar(27) CHARACTER SET utf8 COLLATE utf8_spanish_ci DEFAULT NULL,
  `freguesia` varchar(138) CHARACTER SET utf8 DEFAULT NULL
) ENGINE=InnoDB DEFAULT CHARSET=latin1;

--
-- Extraindo dados da tabela `localizacao`
--

INSERT INTO `localizacao` (`id_distrito`, `distrito`, `conselho`, `freguesia`) VALUES
('\'01\'', 'Aveiro', 'Águeda', 'Aguada de Cima'),
('\'01\'', 'Aveiro', 'Águeda', 'Fermentelos'),
('\'01\'', 'Aveiro', 'Águeda', 'Macinhata do Vouga'),
('\'01\'', 'Aveiro', 'Águeda', 'Valongo do Vouga'),
('\'01\'', 'Aveiro', 'Águeda', 'União das freguesias de Águeda e Borralha'),
('\'01\'', 'Aveiro', 'Águeda', 'União das freguesias de Barrô e Aguada de Baixo'),
('\'01\'', 'Aveiro', 'Águeda', 'União das freguesias de Belazaima do Chão, Castanheira do Vouga e Agadão'),
('\'01\'', 'Aveiro', 'Águeda', 'União das freguesias de Recardães e Espinhel'),
('\'01\'', 'Aveiro', 'Águeda', 'União das freguesias de Travassô e Óis da Ribeira'),
('\'01\'', 'Aveiro', 'Águeda', 'União das freguesias de Trofa, Segadães e Lamas do Vouga'),
('\'01\'', 'Aveiro', 'Águeda', 'União das freguesias do Préstimo e Macieira de Alcoba'),
('\'01\'', 'Aveiro', 'Albergaria-a-Velha', 'Alquerubim'),
('\'01\'', 'Aveiro', 'Albergaria-a-Velha', 'Angeja'),
('\'01\'', 'Aveiro', 'Albergaria-a-Velha', 'Branca'),
('\'01\'', 'Aveiro', 'Albergaria-a-Velha', 'Ribeira de Fráguas'),
('\'01\'', 'Aveiro', 'Albergaria-a-Velha', 'Albergaria-a-Velha e Valmaior'),
('\'01\'', 'Aveiro', 'Albergaria-a-Velha', 'São João de Loure e Frossos'),
('\'01\'', 'Aveiro', 'Anadia', 'Avelãs de Caminho'),
('\'01\'', 'Aveiro', 'Anadia', 'Avelãs de Cima'),
('\'01\'', 'Aveiro', 'Anadia', 'Moita'),
('\'01\'', 'Aveiro', 'Anadia', 'Sangalhos'),
('\'01\'', 'Aveiro', 'Anadia', 'São Lourenço do Bairro'),
('\'01\'', 'Aveiro', 'Anadia', 'Vila Nova de Monsarros'),
('\'01\'', 'Aveiro', 'Anadia', 'Vilarinho do Bairro'),
('\'01\'', 'Aveiro', 'Anadia', 'União das freguesias de Amoreira da Gândara, Paredes do Bairro e Ancas'),
('\'01\'', 'Aveiro', 'Anadia', 'União das freguesias de Arcos e Mogofores'),
('\'01\'', 'Aveiro', 'Anadia', 'União das freguesias de Tamengos, Aguim e Óis do Bairro'),
('\'01\'', 'Aveiro', 'Arouca', 'Alvarenga'),
('\'01\'', 'Aveiro', 'Arouca', 'Chave'),
('\'01\'', 'Aveiro', 'Arouca', 'Escariz'),
('\'01\'', 'Aveiro', 'Arouca', 'Fermedo'),
('\'01\'', 'Aveiro', 'Arouca', 'Mansores'),
('\'01\'', 'Aveiro', 'Arouca', 'Moldes'),
('\'01\'', 'Aveiro', 'Arouca', 'Rossas'),
('\'01\'', 'Aveiro', 'Arouca', 'Santa Eulália'),
('\'01\'', 'Aveiro', 'Arouca', 'São Miguel do Mato'),
('\'01\'', 'Aveiro', 'Arouca', 'Tropeço'),
('\'01\'', 'Aveiro', 'Arouca', 'Urrô'),
('\'01\'', 'Aveiro', 'Arouca', 'Várzea'),
('\'01\'', 'Aveiro', 'Arouca', 'União das freguesias de Arouca e Burgo'),
('\'01\'', 'Aveiro', 'Arouca', 'União das freguesias de Cabreiros e Albergaria da Serra'),
('\'01\'', 'Aveiro', 'Arouca', 'União das freguesias de Canelas e Espiunca'),
('\'01\'', 'Aveiro', 'Arouca', 'União das freguesias de Covelo de Paivó e Janarde'),
('\'01\'', 'Aveiro', 'Aveiro', 'Aradas'),
('\'01\'', 'Aveiro', 'Aveiro', 'Cacia'),
('\'01\'', 'Aveiro', 'Aveiro', 'Esgueira'),
('\'01\'', 'Aveiro', 'Aveiro', 'Oliveirinha'),
('\'01\'', 'Aveiro', 'Aveiro', 'São Bernardo'),
('\'01\'', 'Aveiro', 'Aveiro', 'São Jacinto'),
('\'01\'', 'Aveiro', 'Aveiro', 'Santa Joana'),
('\'01\'', 'Aveiro', 'Aveiro', 'Eixo e Eirol'),
('\'01\'', 'Aveiro', 'Aveiro', 'Requeixo, Nossa Senhora de Fátima e Nariz'),
('\'01\'', 'Aveiro', 'Aveiro', 'União das freguesias de Glória e Vera Cruz'),
('\'01\'', 'Aveiro', 'Castelo de Paiva', 'Fornos'),
('\'01\'', 'Aveiro', 'Castelo de Paiva', 'Real'),
('\'01\'', 'Aveiro', 'Castelo de Paiva', 'Santa Maria de Sardoura'),
('\'01\'', 'Aveiro', 'Castelo de Paiva', 'São Martinho de Sardoura'),
('\'01\'', 'Aveiro', 'Castelo de Paiva', 'União das freguesias de Raiva, Pedorido e Paraíso'),
('\'01\'', 'Aveiro', 'Castelo de Paiva', 'União das freguesias de Sobrado e Bairros'),
('\'01\'', 'Aveiro', 'Espinho', 'Espinho'),
('\'01\'', 'Aveiro', 'Espinho', 'Paramos'),
('\'01\'', 'Aveiro', 'Espinho', 'Silvalde'),
('\'01\'', 'Aveiro', 'Espinho', 'União das freguesias de Anta e Guetim'),
('\'01\'', 'Aveiro', 'Estarreja', 'Avanca'),
('\'01\'', 'Aveiro', 'Estarreja', 'Pardilhó'),
('\'01\'', 'Aveiro', 'Estarreja', 'Salreu'),
('\'01\'', 'Aveiro', 'Estarreja', 'União das freguesias de Beduído e Veiros'),
('\'01\'', 'Aveiro', 'Estarreja', 'União das freguesias de Canelas e Fermelã'),
('\'01\'', 'Aveiro', 'Ílhavo', 'Gafanha da Encarnação'),
('\'01\'', 'Aveiro', 'Ílhavo', 'Gafanha da Nazaré'),
('\'01\'', 'Aveiro', 'Ílhavo', 'Gafanha do Carmo'),
('\'01\'', 'Aveiro', 'Ílhavo', 'Ílhavo (São Salvador)'),
('\'01\'', 'Aveiro', 'Mealhada', 'Barcouço'),
('\'01\'', 'Aveiro', 'Mealhada', 'Casal Comba'),
('\'01\'', 'Aveiro', 'Mealhada', 'Luso'),
('\'01\'', 'Aveiro', 'Mealhada', 'Pampilhosa'),
('\'01\'', 'Aveiro', 'Mealhada', 'Vacariça'),
('\'01\'', 'Aveiro', 'Mealhada', 'União das freguesias da Mealhada, Ventosa do Bairro e Antes'),
('\'01\'', 'Aveiro', 'Murtosa', 'Bunheiro'),
('\'01\'', 'Aveiro', 'Murtosa', 'Monte'),
('\'01\'', 'Aveiro', 'Murtosa', 'Murtosa'),
('\'01\'', 'Aveiro', 'Murtosa', 'Torreira'),
('\'01\'', 'Aveiro', 'Oliveira de Azeméis', 'Carregosa'),
('\'01\'', 'Aveiro', 'Oliveira de Azeméis', 'Cesar'),
('\'01\'', 'Aveiro', 'Oliveira de Azeméis', 'Fajões'),
('\'01\'', 'Aveiro', 'Oliveira de Azeméis', 'Loureiro'),
('\'01\'', 'Aveiro', 'Oliveira de Azeméis', 'Macieira de Sarnes'),
('\'01\'', 'Aveiro', 'Oliveira de Azeméis', 'Ossela'),
('\'01\'', 'Aveiro', 'Oliveira de Azeméis', 'São Martinho da Gândara'),
('\'01\'', 'Aveiro', 'Oliveira de Azeméis', 'São Roque'),
('\'01\'', 'Aveiro', 'Oliveira de Azeméis', 'Vila de Cucujães'),
('\'01\'', 'Aveiro', 'Oliveira de Azeméis', 'União das freguesias de Nogueira do Cravo e Pindelo'),
('\'01\'', 'Aveiro', 'Oliveira de Azeméis', 'União das freguesias de Oliveira de Azeméis, Santiago de Riba-Ul, Ul, Macinhata da Seixa e Madail'),
('\'01\'', 'Aveiro', 'Oliveira de Azeméis', 'União das freguesias de Pinheiro da Bemposta, Travanca e Palmaz'),
('\'01\'', 'Aveiro', 'Oliveira do Bairro', 'Oiã'),
('\'01\'', 'Aveiro', 'Oliveira do Bairro', 'Oliveira do Bairro'),
('\'01\'', 'Aveiro', 'Oliveira do Bairro', 'Palhaça'),
('\'01\'', 'Aveiro', 'Oliveira do Bairro', 'União das freguesias de Bustos, Troviscal e Mamarrosa'),
('\'01\'', 'Aveiro', 'Ovar', 'Cortegaça'),
('\'01\'', 'Aveiro', 'Ovar', 'Esmoriz'),
('\'01\'', 'Aveiro', 'Ovar', 'Maceda'),
('\'01\'', 'Aveiro', 'Ovar', 'Válega'),
('\'01\'', 'Aveiro', 'Ovar', 'União das freguesias de Ovar, São João, Arada e São Vicente de Pereira Jusã'),
('\'01\'', 'Aveiro', 'Santa Maria da Feira', 'Argoncilhe'),
('\'01\'', 'Aveiro', 'Santa Maria da Feira', 'Arrifana'),
('\'01\'', 'Aveiro', 'Santa Maria da Feira', 'Escapães'),
('\'01\'', 'Aveiro', 'Santa Maria da Feira', 'Fiães'),
('\'01\'', 'Aveiro', 'Santa Maria da Feira', 'Fornos'),
('\'01\'', 'Aveiro', 'Santa Maria da Feira', 'Lourosa'),
('\'01\'', 'Aveiro', 'Santa Maria da Feira', 'Milheirós de Poiares'),
('\'01\'', 'Aveiro', 'Santa Maria da Feira', 'Mozelos'),
('\'01\'', 'Aveiro', 'Santa Maria da Feira', 'Nogueira da Regedoura'),
('\'01\'', 'Aveiro', 'Santa Maria da Feira', 'São Paio de Oleiros'),
('\'01\'', 'Aveiro', 'Santa Maria da Feira', 'Paços de Brandão'),
('\'01\'', 'Aveiro', 'Santa Maria da Feira', 'Rio Meão'),
('\'01\'', 'Aveiro', 'Santa Maria da Feira', 'Romariz'),
('\'01\'', 'Aveiro', 'Santa Maria da Feira', 'Sanguedo'),
('\'01\'', 'Aveiro', 'Santa Maria da Feira', 'Santa Maria de Lamas'),
('\'01\'', 'Aveiro', 'Santa Maria da Feira', 'São João de Ver'),
('\'01\'', 'Aveiro', 'Santa Maria da Feira', 'União das freguesias de Caldas de São Jorge e Pigeiros'),
('\'01\'', 'Aveiro', 'Santa Maria da Feira', 'União das freguesias de Canedo, Vale e Vila Maior'),
('\'01\'', 'Aveiro', 'Santa Maria da Feira', 'União das freguesias de Lobão, Gião, Louredo e Guisande'),
('\'01\'', 'Aveiro', 'Santa Maria da Feira', 'União das freguesias de Santa Maria da Feira, Travanca, Sanfins e Espargo'),
('\'01\'', 'Aveiro', 'Santa Maria da Feira', 'União das freguesias de São Miguel do Souto e Mosteirô'),
('\'01\'', 'Aveiro', 'São João da Madeira', 'São João da Madeira'),
('\'01\'', 'Aveiro', 'Sever do Vouga', 'Couto de Esteves'),
('\'01\'', 'Aveiro', 'Sever do Vouga', 'Pessegueiro do Vouga'),
('\'01\'', 'Aveiro', 'Sever do Vouga', 'Rocas do Vouga'),
('\'01\'', 'Aveiro', 'Sever do Vouga', 'Sever do Vouga'),
('\'01\'', 'Aveiro', 'Sever do Vouga', 'Talhadas'),
('\'01\'', 'Aveiro', 'Sever do Vouga', 'União das freguesias de Cedrim e Paradela'),
('\'01\'', 'Aveiro', 'Sever do Vouga', 'União das freguesias de Silva Escura e Dornelas'),
('\'01\'', 'Aveiro', 'Vagos', 'Calvão'),
('\'01\'', 'Aveiro', 'Vagos', 'Gafanha da Boa Hora'),
('\'01\'', 'Aveiro', 'Vagos', 'Ouca'),
('\'01\'', 'Aveiro', 'Vagos', 'Sosa'),
('\'01\'', 'Aveiro', 'Vagos', 'Santo André de Vagos'),
('\'01\'', 'Aveiro', 'Vagos', 'União das freguesias de Fonte de Angeão e Covão do Lobo'),
('\'01\'', 'Aveiro', 'Vagos', 'União das freguesias de Ponte de Vagos e Santa Catarina'),
('\'01\'', 'Aveiro', 'Vagos', 'União das freguesias de Vagos e Santo António'),
('\'01\'', 'Aveiro', 'Vale de Cambra', 'Arões'),
('\'01\'', 'Aveiro', 'Vale de Cambra', 'São Pedro de Castelões'),
('\'01\'', 'Aveiro', 'Vale de Cambra', 'Cepelos'),
('\'01\'', 'Aveiro', 'Vale de Cambra', 'Junqueira'),
('\'01\'', 'Aveiro', 'Vale de Cambra', 'Macieira de Cambra'),
('\'01\'', 'Aveiro', 'Vale de Cambra', 'Roge'),
('\'01\'', 'Aveiro', 'Vale de Cambra', 'União das freguesias de Vila Chã, Codal e Vila Cova de Perrinho'),
('\'02\'', 'Beja', 'Aljustrel', 'Ervidel'),
('\'02\'', 'Beja', 'Aljustrel', 'Messejana'),
('\'02\'', 'Beja', 'Aljustrel', 'São João de Negrilhos'),
('\'02\'', 'Beja', 'Aljustrel', 'União das freguesias de Aljustrel e Rio de Moinhos'),
('\'02\'', 'Beja', 'Almodôvar', 'Rosário'),
('\'02\'', 'Beja', 'Almodôvar', 'Santa Cruz'),
('\'02\'', 'Beja', 'Almodôvar', 'São Barnabé'),
('\'02\'', 'Beja', 'Almodôvar', 'Aldeia dos Fernandes'),
('\'02\'', 'Beja', 'Almodôvar', 'União das freguesias de Almodôvar e Graça dos Padrões'),
('\'02\'', 'Beja', 'Almodôvar', 'União das freguesias de Santa Clara-a-Nova e Gomes Aires'),
('\'02\'', 'Beja', 'Alvito', 'Alvito'),
('\'02\'', 'Beja', 'Alvito', 'Vila Nova da Baronia'),
('\'02\'', 'Beja', 'Barrancos', 'Barrancos'),
('\'02\'', 'Beja', 'Beja', 'Baleizão'),
('\'02\'', 'Beja', 'Beja', 'Beringel'),
('\'02\'', 'Beja', 'Beja', 'Cabeça Gorda'),
('\'02\'', 'Beja', 'Beja', 'Nossa Senhora das Neves'),
('\'02\'', 'Beja', 'Beja', 'Santa Clara de Louredo'),
('\'02\'', 'Beja', 'Beja', 'São Matias'),
('\'02\'', 'Beja', 'Beja', 'União das freguesias de Albernoa e Trindade'),
('\'02\'', 'Beja', 'Beja', 'União das freguesias de Beja (Salvador e Santa Maria da Feira)'),
('\'02\'', 'Beja', 'Beja', 'União das freguesias de Beja (Santiago Maior e São João Baptista)'),
('\'02\'', 'Beja', 'Beja', 'União das freguesias de Salvada e Quintos'),
('\'02\'', 'Beja', 'Beja', 'União das freguesias de Santa Vitória e Mombeja'),
('\'02\'', 'Beja', 'Beja', 'União das freguesias de Trigaches e São Brissos'),
('\'02\'', 'Beja', 'Castro Verde', 'Entradas'),
('\'02\'', 'Beja', 'Castro Verde', 'Santa Bárbara de Padrões'),
('\'02\'', 'Beja', 'Castro Verde', 'São Marcos da Ataboeira'),
('\'02\'', 'Beja', 'Castro Verde', 'União das freguesias de Castro Verde e Casével'),
('\'02\'', 'Beja', 'Cuba', 'Cuba'),
('\'02\'', 'Beja', 'Cuba', 'Faro do Alentejo'),
('\'02\'', 'Beja', 'Cuba', 'Vila Alva'),
('\'02\'', 'Beja', 'Cuba', 'Vila Ruiva'),
('\'02\'', 'Beja', 'Ferreira do Alentejo', 'Figueira dos Cavaleiros'),
('\'02\'', 'Beja', 'Ferreira do Alentejo', 'Odivelas'),
('\'02\'', 'Beja', 'Ferreira do Alentejo', 'União das freguesias de Alfundão e Peroguarda'),
('\'02\'', 'Beja', 'Ferreira do Alentejo', 'União das freguesias de Ferreira do Alentejo e Canhestros'),
('\'02\'', 'Beja', 'Mértola', 'Alcaria Ruiva'),
('\'02\'', 'Beja', 'Mértola', 'Corte do Pinto'),
('\'02\'', 'Beja', 'Mértola', 'Espírito Santo'),
('\'02\'', 'Beja', 'Mértola', 'Mértola'),
('\'02\'', 'Beja', 'Mértola', 'Santana de Cambas'),
('\'02\'', 'Beja', 'Mértola', 'São João dos Caldeireiros'),
('\'02\'', 'Beja', 'Mértola', 'União das freguesias de São Miguel do Pinheiro, São Pedro de Solis e São Sebastião dos Carros'),
('\'02\'', 'Beja', 'Moura', 'Amareleja'),
('\'02\'', 'Beja', 'Moura', 'Póvoa de São Miguel'),
('\'02\'', 'Beja', 'Moura', 'Sobral da Adiça'),
('\'02\'', 'Beja', 'Moura', 'União das freguesias de Moura (Santo Agostinho e São João Baptista) e Santo Amador'),
('\'02\'', 'Beja', 'Moura', 'União das freguesias de Safara e Santo Aleixo da Restauração'),
('\'02\'', 'Beja', 'Odemira', 'Relíquias'),
('\'02\'', 'Beja', 'Odemira', 'Sabóia'),
('\'02\'', 'Beja', 'Odemira', 'São Luís'),
('\'02\'', 'Beja', 'Odemira', 'São Martinho das Amoreiras'),
('\'02\'', 'Beja', 'Odemira', 'Vila Nova de Milfontes'),
('\'02\'', 'Beja', 'Odemira', 'Luzianes-Gare'),
('\'02\'', 'Beja', 'Odemira', 'Boavista dos Pinheiros'),
('\'02\'', 'Beja', 'Odemira', 'Longueira/Almograve'),
('\'02\'', 'Beja', 'Odemira', 'Colos'),
('\'02\'', 'Beja', 'Odemira', 'Santa Clara-a-Velha'),
('\'02\'', 'Beja', 'Odemira', 'São Salvador e Santa Maria'),
('\'02\'', 'Beja', 'Odemira', 'São Teotónio'),
('\'02\'', 'Beja', 'Odemira', 'Vale de Santiago'),
('\'02\'', 'Beja', 'Ourique', 'Ourique'),
('\'02\'', 'Beja', 'Ourique', 'Santana da Serra'),
('\'02\'', 'Beja', 'Ourique', 'União das freguesias de Garvão e Santa Luzia'),
('\'02\'', 'Beja', 'Ourique', 'União das freguesias de Panoias e Conceição'),
('\'02\'', 'Beja', 'Serpa', 'Brinches'),
('\'02\'', 'Beja', 'Serpa', 'Pias'),
('\'02\'', 'Beja', 'Serpa', 'Vila Verde de Ficalho'),
('\'02\'', 'Beja', 'Serpa', 'União das freguesias de Serpa (Salvador e Santa Maria)'),
('\'02\'', 'Beja', 'Serpa', 'União das freguesias de Vila Nova de São Bento e Vale de Vargo'),
('\'02\'', 'Beja', 'Vidigueira', 'Pedrógão'),
('\'02\'', 'Beja', 'Vidigueira', 'Selmes'),
('\'02\'', 'Beja', 'Vidigueira', 'Vidigueira'),
('\'02\'', 'Beja', 'Vidigueira', 'Vila de Frades'),
('\'03\'', 'Braga', 'Amares', 'Barreiros'),
('\'03\'', 'Braga', 'Amares', 'Bico'),
('\'03\'', 'Braga', 'Amares', 'Caires'),
('\'03\'', 'Braga', 'Amares', 'Carrazedo'),
('\'03\'', 'Braga', 'Amares', 'Dornelas'),
('\'03\'', 'Braga', 'Amares', 'Fiscal'),
('\'03\'', 'Braga', 'Amares', 'Goães'),
('\'03\'', 'Braga', 'Amares', 'Lago'),
('\'03\'', 'Braga', 'Amares', 'Rendufe'),
('\'03\'', 'Braga', 'Amares', 'Bouro (Santa Maria)'),
('\'03\'', 'Braga', 'Amares', 'Bouro (Santa Marta)'),
('\'03\'', 'Braga', 'Amares', 'União das freguesias de Amares e Figueiredo'),
('\'03\'', 'Braga', 'Amares', 'União das freguesias de Caldelas, Sequeiros e Paranhos'),
('\'03\'', 'Braga', 'Amares', 'União das freguesias de Ferreiros, Prozelo e Besteiros'),
('\'03\'', 'Braga', 'Amares', 'União das freguesias de Torre e Portela'),
('\'03\'', 'Braga', 'Amares', 'União das freguesias de Vilela, Seramil e Paredes Secas'),
('\'03\'', 'Braga', 'Barcelos', 'Abade de Neiva'),
('\'03\'', 'Braga', 'Barcelos', 'Aborim'),
('\'03\'', 'Braga', 'Barcelos', 'Adães'),
('\'03\'', 'Braga', 'Barcelos', 'Airó'),
('\'03\'', 'Braga', 'Barcelos', 'Aldreu'),
('\'03\'', 'Braga', 'Barcelos', 'Alvelos'),
('\'03\'', 'Braga', 'Barcelos', 'Arcozelo'),
('\'03\'', 'Braga', 'Barcelos', 'Areias'),
('\'03\'', 'Braga', 'Barcelos', 'Balugães'),
('\'03\'', 'Braga', 'Barcelos', 'Barcelinhos'),
('\'03\'', 'Braga', 'Barcelos', 'Barqueiros'),
('\'03\'', 'Braga', 'Barcelos', 'Cambeses'),
('\'03\'', 'Braga', 'Barcelos', 'Carapeços'),
('\'03\'', 'Braga', 'Barcelos', 'Carvalhal'),
('\'03\'', 'Braga', 'Barcelos', 'Carvalhas'),
('\'03\'', 'Braga', 'Barcelos', 'Cossourado'),
('\'03\'', 'Braga', 'Barcelos', 'Cristelo'),
('\'03\'', 'Braga', 'Barcelos', 'Fornelos'),
('\'03\'', 'Braga', 'Barcelos', 'Fragoso'),
('\'03\'', 'Braga', 'Barcelos', 'Gilmonde'),
('\'03\'', 'Braga', 'Barcelos', 'Lama'),
('\'03\'', 'Braga', 'Barcelos', 'Lijó'),
('\'03\'', 'Braga', 'Barcelos', 'Macieira de Rates'),
('\'03\'', 'Braga', 'Barcelos', 'Manhente'),
('\'03\'', 'Braga', 'Barcelos', 'Martim'),
('\'03\'', 'Braga', 'Barcelos', 'Moure'),
('\'03\'', 'Braga', 'Barcelos', 'Oliveira'),
('\'03\'', 'Braga', 'Barcelos', 'Palme'),
('\'03\'', 'Braga', 'Barcelos', 'Panque'),
('\'03\'', 'Braga', 'Barcelos', 'Paradela'),
('\'03\'', 'Braga', 'Barcelos', 'Pereira'),
('\'03\'', 'Braga', 'Barcelos', 'Perelhal'),
('\'03\'', 'Braga', 'Barcelos', 'Pousa'),
('\'03\'', 'Braga', 'Barcelos', 'Remelhe'),
('\'03\'', 'Braga', 'Barcelos', 'Roriz'),
('\'03\'', 'Braga', 'Barcelos', 'Rio Covo (Santa Eugénia)'),
('\'03\'', 'Braga', 'Barcelos', 'Galegos (Santa Maria)'),
('\'03\'', 'Braga', 'Barcelos', 'Galegos (São Martinho)'),
('\'03\'', 'Braga', 'Barcelos', 'Tamel (São Veríssimo)'),
('\'03\'', 'Braga', 'Barcelos', 'Silva'),
('\'03\'', 'Braga', 'Barcelos', 'Ucha'),
('\'03\'', 'Braga', 'Barcelos', 'Várzea'),
('\'03\'', 'Braga', 'Barcelos', 'Vila Seca'),
('\'03\'', 'Braga', 'Barcelos', 'União das freguesias de Alheira e Igreja Nova'),
('\'03\'', 'Braga', 'Barcelos', 'União das freguesias de Alvito (São Pedro e São Martinho) e Couto'),
('\'03\'', 'Braga', 'Barcelos', 'União das freguesias de Areias de Vilar e Encourados'),
('\'03\'', 'Braga', 'Barcelos', 'União das freguesias de Barcelos, Vila Boa e Vila Frescainha (São Martinho e São Pedro)'),
('\'03\'', 'Braga', 'Barcelos', 'União das freguesias de Campo e Tamel (São Pedro Fins)'),
('\'03\'', 'Braga', 'Barcelos', 'União das freguesias de Carreira e Fonte Coberta'),
('\'03\'', 'Braga', 'Barcelos', 'União das freguesias de Chorente, Góios, Courel, Pedra Furada e Gueral'),
('\'03\'', 'Braga', 'Barcelos', 'União das freguesias de Creixomil e Mariz'),
('\'03\'', 'Braga', 'Barcelos', 'União das freguesias de Durrães e Tregosa'),
('\'03\'', 'Braga', 'Barcelos', 'União das freguesias de Gamil e Midões'),
('\'03\'', 'Braga', 'Barcelos', 'União das freguesias de Milhazes, Vilar de Figos e Faria'),
('\'03\'', 'Braga', 'Barcelos', 'União das freguesias de Negreiros e Chavão'),
('\'03\'', 'Braga', 'Barcelos', 'União das freguesias de Quintiães e Aguiar'),
('\'03\'', 'Braga', 'Barcelos', 'União das freguesias de Sequeade e Bastuço (São João e Santo Estevão)'),
('\'03\'', 'Braga', 'Barcelos', 'União das freguesias de Silveiros e Rio Covo (Santa Eulália)'),
('\'03\'', 'Braga', 'Barcelos', 'União das freguesias de Tamel (Santa Leocádia) e Vilar do Monte'),
('\'03\'', 'Braga', 'Barcelos', 'União das freguesias de Viatodos, Grimancelos, Minhotães e Monte de Fralães'),
('\'03\'', 'Braga', 'Barcelos', 'União das freguesias de Vila Cova e Feitos'),
('\'03\'', 'Braga', 'Braga', 'Adaúfe'),
('\'03\'', 'Braga', 'Braga', 'Espinho'),
('\'03\'', 'Braga', 'Braga', 'Esporões'),
('\'03\'', 'Braga', 'Braga', 'Figueiredo'),
('\'03\'', 'Braga', 'Braga', 'Gualtar'),
('\'03\'', 'Braga', 'Braga', 'Lamas'),
('\'03\'', 'Braga', 'Braga', 'Mire de Tibães'),
('\'03\'', 'Braga', 'Braga', 'Padim da Graça'),
('\'03\'', 'Braga', 'Braga', 'Palmeira'),
('\'03\'', 'Braga', 'Braga', 'Pedralva'),
('\'03\'', 'Braga', 'Braga', 'Priscos'),
('\'03\'', 'Braga', 'Braga', 'Ruilhe'),
('\'03\'', 'Braga', 'Braga', 'Braga (São Vicente)'),
('\'03\'', 'Braga', 'Braga', 'Braga (São Vítor)'),
('\'03\'', 'Braga', 'Braga', 'Sequeira'),
('\'03\'', 'Braga', 'Braga', 'Sobreposta'),
('\'03\'', 'Braga', 'Braga', 'Tadim'),
('\'03\'', 'Braga', 'Braga', 'Tebosa'),
('\'03\'', 'Braga', 'Braga', 'União das freguesias de Arentim e Cunha'),
('\'03\'', 'Braga', 'Braga', 'União das freguesias de Braga (Maximinos, Sé e Cividade)'),
('\'03\'', 'Braga', 'Braga', 'União das freguesias de Braga (São José de São Lázaro e São João do Souto)'),
('\'03\'', 'Braga', 'Braga', 'União das freguesias de Cabreiros e Passos (São Julião)'),
('\'03\'', 'Braga', 'Braga', 'União das freguesias de Celeirós, Aveleda e Vimieiro'),
('\'03\'', 'Braga', 'Braga', 'União das freguesias de Crespos e Pousada'),
('\'03\'', 'Braga', 'Braga', 'União das freguesias de Escudeiros e Penso (Santo Estêvão e São Vicente)'),
('\'03\'', 'Braga', 'Braga', 'União das freguesias de Este (São Pedro e São Mamede)'),
('\'03\'', 'Braga', 'Braga', 'União das freguesias de Ferreiros e Gondizalves'),
('\'03\'', 'Braga', 'Braga', 'União das freguesias de Guisande e Oliveira (São Pedro)'),
('\'03\'', 'Braga', 'Braga', 'União das freguesias de Lomar e Arcos'),
('\'03\'', 'Braga', 'Braga', 'União das freguesias de Merelim (São Paio), Panoias e Parada de Tibães'),
('\'03\'', 'Braga', 'Braga', 'União das freguesias de Merelim (São Pedro) e Frossos'),
('\'03\'', 'Braga', 'Braga', 'União das freguesias de Morreira e Trandeiras'),
('\'03\'', 'Braga', 'Braga', 'União das freguesias de Nogueira, Fraião e Lamaçães'),
('\'03\'', 'Braga', 'Braga', 'União das freguesias de Nogueiró e Tenões'),
('\'03\'', 'Braga', 'Braga', 'União das freguesias de Real, Dume e Semelhe'),
('\'03\'', 'Braga', 'Braga', 'União das freguesias de Santa Lucrécia de Algeriz e Navarra'),
('\'03\'', 'Braga', 'Braga', 'União das freguesias de Vilaça e Fradelos'),
('\'03\'', 'Braga', 'Cabeceiras de Basto', 'Abadim'),
('\'03\'', 'Braga', 'Cabeceiras de Basto', 'Basto'),
('\'03\'', 'Braga', 'Cabeceiras de Basto', 'Bucos'),
('\'03\'', 'Braga', 'Cabeceiras de Basto', 'Cabeceiras de Basto'),
('\'03\'', 'Braga', 'Cabeceiras de Basto', 'Cavez'),
('\'03\'', 'Braga', 'Cabeceiras de Basto', 'Faia'),
('\'03\'', 'Braga', 'Cabeceiras de Basto', 'Pedraça'),
('\'03\'', 'Braga', 'Cabeceiras de Basto', 'Rio Douro'),
('\'03\'', 'Braga', 'Cabeceiras de Basto', 'União das freguesias de Alvite e Passos'),
('\'03\'', 'Braga', 'Cabeceiras de Basto', 'União das freguesias de Arco de Baúlhe e Vila Nune'),
('\'03\'', 'Braga', 'Cabeceiras de Basto', 'União das freguesias de Gondiães e Vilar de Cunhas'),
('\'03\'', 'Braga', 'Cabeceiras de Basto', 'União das freguesias de Refojos de Basto, Outeiro e Painzela'),
('\'03\'', 'Braga', 'Celorico de Basto', 'Agilde'),
('\'03\'', 'Braga', 'Celorico de Basto', 'Arnóia'),
('\'03\'', 'Braga', 'Celorico de Basto', 'Borba de Montanha'),
('\'03\'', 'Braga', 'Celorico de Basto', 'Codeçoso'),
('\'03\'', 'Braga', 'Celorico de Basto', 'Fervença'),
('\'03\'', 'Braga', 'Celorico de Basto', 'Moreira do Castelo'),
('\'03\'', 'Braga', 'Celorico de Basto', 'Rego'),
('\'03\'', 'Braga', 'Celorico de Basto', 'Ribas'),
('\'03\'', 'Braga', 'Celorico de Basto', 'Basto (São Clemente)'),
('\'03\'', 'Braga', 'Celorico de Basto', 'Vale de Bouro'),
('\'03\'', 'Braga', 'Celorico de Basto', 'União das freguesias de Britelo, Gémeos e Ourilhe'),
('\'03\'', 'Braga', 'Celorico de Basto', 'União das freguesias de Caçarilhe e Infesta'),
('\'03\'', 'Braga', 'Celorico de Basto', 'União das freguesias de Canedo de Basto e Corgo'),
('\'03\'', 'Braga', 'Celorico de Basto', 'União das freguesias de Carvalho e Basto (Santa Tecla)'),
('\'03\'', 'Braga', 'Celorico de Basto', 'União das freguesias de Veade, Gagos e Molares'),
('\'03\'', 'Braga', 'Esposende', 'Antas'),
('\'03\'', 'Braga', 'Esposende', 'Forjães'),
('\'03\'', 'Braga', 'Esposende', 'Gemeses'),
('\'03\'', 'Braga', 'Esposende', 'Vila Chã'),
('\'03\'', 'Braga', 'Esposende', 'União das freguesias de Apúlia e Fão'),
('\'03\'', 'Braga', 'Esposende', 'União das freguesias de Belinho e Mar'),
('\'03\'', 'Braga', 'Esposende', 'União das freguesias de Esposende, Marinhas e Gandra'),
('\'03\'', 'Braga', 'Esposende', 'União das freguesias de Fonte Boa e Rio Tinto'),
('\'03\'', 'Braga', 'Esposende', 'União das freguesias de Palmeira de Faro e Curvos'),
('\'03\'', 'Braga', 'Fafe', 'Armil'),
('\'03\'', 'Braga', 'Fafe', 'Estorãos'),
('\'03\'', 'Braga', 'Fafe', 'Fafe'),
('\'03\'', 'Braga', 'Fafe', 'Fornelos'),
('\'03\'', 'Braga', 'Fafe', 'Golães'),
('\'03\'', 'Braga', 'Fafe', 'Medelo'),
('\'03\'', 'Braga', 'Fafe', 'Passos'),
('\'03\'', 'Braga', 'Fafe', 'Quinchães'),
('\'03\'', 'Braga', 'Fafe', 'Regadas'),
('\'03\'', 'Braga', 'Fafe', 'Revelhe'),
('\'03\'', 'Braga', 'Fafe', 'Ribeiros'),
('\'03\'', 'Braga', 'Fafe', 'Arões (Santa Cristina)'),
('\'03\'', 'Braga', 'Fafe', 'São Gens'),
('\'03\'', 'Braga', 'Fafe', 'Silvares (São Martinho)'),
('\'03\'', 'Braga', 'Fafe', 'Arões (São Romão)'),
('\'03\'', 'Braga', 'Fafe', 'Travassós'),
('\'03\'', 'Braga', 'Fafe', 'Vinhós'),
('\'03\'', 'Braga', 'Fafe', 'União de freguesias de Aboim, Felgueiras, Gontim e Pedraído'),
('\'03\'', 'Braga', 'Fafe', 'União de freguesias de Agrela e Serafão'),
('\'03\'', 'Braga', 'Fafe', 'União de freguesias de Antime e Silvares (São Clemente)'),
('\'03\'', 'Braga', 'Fafe', 'União de freguesias de Ardegão, Arnozela e Seidões'),
('\'03\'', 'Braga', 'Fafe', 'União de freguesias de Cepães e Fareja'),
('\'03\'', 'Braga', 'Fafe', 'União de freguesias de Freitas e Vila Cova'),
('\'03\'', 'Braga', 'Fafe', 'União de freguesias de Monte e Queimadela'),
('\'03\'', 'Braga', 'Fafe', 'União de freguesias de Moreira do Rei e Várzea Cova'),
('\'03\'', 'Braga', 'Guimarães', 'Aldão'),
('\'03\'', 'Braga', 'Guimarães', 'Azurém'),
('\'03\'', 'Braga', 'Guimarães', 'Barco'),
('\'03\'', 'Braga', 'Guimarães', 'Brito'),
('\'03\'', 'Braga', 'Guimarães', 'Caldelas'),
('\'03\'', 'Braga', 'Guimarães', 'Costa'),
('\'03\'', 'Braga', 'Guimarães', 'Creixomil'),
('\'03\'', 'Braga', 'Guimarães', 'Fermentões'),
('\'03\'', 'Braga', 'Guimarães', 'Gonça'),
('\'03\'', 'Braga', 'Guimarães', 'Gondar'),
('\'03\'', 'Braga', 'Guimarães', 'Guardizela'),
('\'03\'', 'Braga', 'Guimarães', 'Infantas'),
('\'03\'', 'Braga', 'Guimarães', 'Longos'),
('\'03\'', 'Braga', 'Guimarães', 'Lordelo'),
('\'03\'', 'Braga', 'Guimarães', 'Mesão Frio'),
('\'03\'', 'Braga', 'Guimarães', 'Moreira de Cónegos'),
('\'03\'', 'Braga', 'Guimarães', 'Nespereira'),
('\'03\'', 'Braga', 'Guimarães', 'Pencelo'),
('\'03\'', 'Braga', 'Guimarães', 'Pinheiro'),
('\'03\'', 'Braga', 'Guimarães', 'Polvoreira'),
('\'03\'', 'Braga', 'Guimarães', 'Ponte'),
('\'03\'', 'Braga', 'Guimarães', 'Ronfe'),
('\'03\'', 'Braga', 'Guimarães', 'Prazins (Santa Eufémia)'),
('\'03\'', 'Braga', 'Guimarães', 'Selho (São Cristóvão)'),
('\'03\'', 'Braga', 'Guimarães', 'Selho (São Jorge)'),
('\'03\'', 'Braga', 'Guimarães', 'Candoso (São Martinho)'),
('\'03\'', 'Braga', 'Guimarães', 'Sande (São Martinho)'),
('\'03\'', 'Braga', 'Guimarães', 'São Torcato'),
('\'03\'', 'Braga', 'Guimarães', 'Serzedelo'),
('\'03\'', 'Braga', 'Guimarães', 'Silvares'),
('\'03\'', 'Braga', 'Guimarães', 'Urgezes'),
('\'03\'', 'Braga', 'Guimarães', 'União das freguesias de Abação e Gémeos'),
('\'03\'', 'Braga', 'Guimarães', 'União das freguesias de Airão Santa Maria, Airão São João e Vermil'),
('\'03\'', 'Braga', 'Guimarães', 'União das freguesias de Arosa e Castelões'),
('\'03\'', 'Braga', 'Guimarães', 'União das freguesias de Atães e Rendufe'),
('\'03\'', 'Braga', 'Guimarães', 'União das freguesias de Briteiros Santo Estêvão e Donim'),
('\'03\'', 'Braga', 'Guimarães', 'União das freguesias de Briteiros São Salvador e Briteiros Santa Leocádia'),
('\'03\'', 'Braga', 'Guimarães', 'União das freguesias de Candoso São Tiago e Mascotelos'),
('\'03\'', 'Braga', 'Guimarães', 'União das freguesias de Conde e Gandarela'),
('\'03\'', 'Braga', 'Guimarães', 'União das freguesias de Leitões, Oleiros e Figueiredo'),
('\'03\'', 'Braga', 'Guimarães', 'União das freguesias de Oliveira, São Paio e São Sebastião'),
('\'03\'', 'Braga', 'Guimarães', 'União das freguesias de Prazins Santo Tirso e Corvite'),
('\'03\'', 'Braga', 'Guimarães', 'União das freguesias de Sande São Lourenço e Balazar'),
('\'03\'', 'Braga', 'Guimarães', 'União das freguesias de Sande Vila Nova e Sande São Clemente'),
('\'03\'', 'Braga', 'Guimarães', 'União das freguesias de Selho São Lourenço e Gominhães'),
('\'03\'', 'Braga', 'Guimarães', 'União das freguesias de Serzedo e Calvos'),
('\'03\'', 'Braga', 'Guimarães', 'União das freguesias de Souto Santa Maria, Souto São Salvador e Gondomar'),
('\'03\'', 'Braga', 'Guimarães', 'União das freguesias de Tabuadelo e São Faustino'),
('\'03\'', 'Braga', 'Póvoa de Lanhoso', 'Covelas'),
('\'03\'', 'Braga', 'Póvoa de Lanhoso', 'Ferreiros'),
('\'03\'', 'Braga', 'Póvoa de Lanhoso', 'Galegos'),
('\'03\'', 'Braga', 'Póvoa de Lanhoso', 'Garfe'),
('\'03\'', 'Braga', 'Póvoa de Lanhoso', 'Geraz do Minho'),
('\'03\'', 'Braga', 'Póvoa de Lanhoso', 'Lanhoso'),
('\'03\'', 'Braga', 'Póvoa de Lanhoso', 'Monsul'),
('\'03\'', 'Braga', 'Póvoa de Lanhoso', 'Póvoa de Lanhoso (Nossa Senhora do Amparo)'),
('\'03\'', 'Braga', 'Póvoa de Lanhoso', 'Rendufinho'),
('\'03\'', 'Braga', 'Póvoa de Lanhoso', 'Santo Emilião'),
('\'03\'', 'Braga', 'Póvoa de Lanhoso', 'São João de Rei'),
('\'03\'', 'Braga', 'Póvoa de Lanhoso', 'Serzedelo'),
('\'03\'', 'Braga', 'Póvoa de Lanhoso', 'Sobradelo da Goma'),
('\'03\'', 'Braga', 'Póvoa de Lanhoso', 'Taíde'),
('\'03\'', 'Braga', 'Póvoa de Lanhoso', 'Travassos'),
('\'03\'', 'Braga', 'Póvoa de Lanhoso', 'Vilela'),
('\'03\'', 'Braga', 'Póvoa de Lanhoso', 'União das freguesias de Águas Santas e Moure'),
('\'03\'', 'Braga', 'Póvoa de Lanhoso', 'União das freguesias de Calvos e Frades'),
('\'03\'', 'Braga', 'Póvoa de Lanhoso', 'União das freguesias de Campos e Louredo'),
('\'03\'', 'Braga', 'Póvoa de Lanhoso', 'União das freguesias de Esperança e Brunhais'),
('\'03\'', 'Braga', 'Póvoa de Lanhoso', 'União das freguesias de Fonte Arcada e Oliveira'),
('\'03\'', 'Braga', 'Póvoa de Lanhoso', 'União das freguesias de Verim, Friande e Ajude'),
('\'03\'', 'Braga', 'Terras de Bouro', 'Balança'),
('\'03\'', 'Braga', 'Terras de Bouro', 'Campo do Gerês'),
('\'03\'', 'Braga', 'Terras de Bouro', 'Carvalheira'),
('\'03\'', 'Braga', 'Terras de Bouro', 'Covide'),
('\'03\'', 'Braga', 'Terras de Bouro', 'Gondoriz'),
('\'03\'', 'Braga', 'Terras de Bouro', 'Moimenta'),
('\'03\'', 'Braga', 'Terras de Bouro', 'Ribeira'),
('\'03\'', 'Braga', 'Terras de Bouro', 'Rio Caldo'),
('\'03\'', 'Braga', 'Terras de Bouro', 'Souto'),
('\'03\'', 'Braga', 'Terras de Bouro', 'Valdosende'),
('\'03\'', 'Braga', 'Terras de Bouro', 'Vilar da Veiga'),
('\'03\'', 'Braga', 'Terras de Bouro', 'União das freguesias de Chamoim e Vilar'),
('\'03\'', 'Braga', 'Terras de Bouro', 'União das freguesias de Chorense e Monte'),
('\'03\'', 'Braga', 'Terras de Bouro', 'União das freguesias de Cibões e Brufe'),
('\'03\'', 'Braga', 'Vieira do Minho', 'Cantelães'),
('\'03\'', 'Braga', 'Vieira do Minho', 'Eira Vedra'),
('\'03\'', 'Braga', 'Vieira do Minho', 'Guilhofrei'),
('\'03\'', 'Braga', 'Vieira do Minho', 'Louredo'),
('\'03\'', 'Braga', 'Vieira do Minho', 'Mosteiro'),
('\'03\'', 'Braga', 'Vieira do Minho', 'Parada do Bouro'),
('\'03\'', 'Braga', 'Vieira do Minho', 'Pinheiro'),
('\'03\'', 'Braga', 'Vieira do Minho', 'Rossas'),
('\'03\'', 'Braga', 'Vieira do Minho', 'Salamonde'),
('\'03\'', 'Braga', 'Vieira do Minho', 'Tabuaças'),
('\'03\'', 'Braga', 'Vieira do Minho', 'Vieira do Minho'),
('\'03\'', 'Braga', 'Vieira do Minho', 'União das freguesias de Anissó e Soutelo'),
('\'03\'', 'Braga', 'Vieira do Minho', 'União das freguesias de Anjos e Vilar do Chão'),
('\'03\'', 'Braga', 'Vieira do Minho', 'União das freguesias de Caniçada e Soengas'),
('\'03\'', 'Braga', 'Vieira do Minho', 'União das freguesias de Ruivães e Campos'),
('\'03\'', 'Braga', 'Vieira do Minho', 'União das freguesias de Ventosa e Cova'),
('\'03\'', 'Braga', 'Vila Nova de Famalicão', 'Bairro'),
('\'03\'', 'Braga', 'Vila Nova de Famalicão', 'Brufe'),
('\'03\'', 'Braga', 'Vila Nova de Famalicão', 'Castelões'),
('\'03\'', 'Braga', 'Vila Nova de Famalicão', 'Cruz'),
('\'03\'', 'Braga', 'Vila Nova de Famalicão', 'Delães'),
('\'03\'', 'Braga', 'Vila Nova de Famalicão', 'Fradelos'),
('\'03\'', 'Braga', 'Vila Nova de Famalicão', 'Gavião'),
('\'03\'', 'Braga', 'Vila Nova de Famalicão', 'Joane'),
('\'03\'', 'Braga', 'Vila Nova de Famalicão', 'Landim'),
('\'03\'', 'Braga', 'Vila Nova de Famalicão', 'Louro'),
('\'03\'', 'Braga', 'Vila Nova de Famalicão', 'Lousado'),
('\'03\'', 'Braga', 'Vila Nova de Famalicão', 'Mogege'),
('\'03\'', 'Braga', 'Vila Nova de Famalicão', 'Nine'),
('\'03\'', 'Braga', 'Vila Nova de Famalicão', 'Pedome'),
('\'03\'', 'Braga', 'Vila Nova de Famalicão', 'Pousada de Saramagos'),
('\'03\'', 'Braga', 'Vila Nova de Famalicão', 'Requião'),
('\'03\'', 'Braga', 'Vila Nova de Famalicão', 'Riba de Ave'),
('\'03\'', 'Braga', 'Vila Nova de Famalicão', 'Ribeirão'),
('\'03\'', 'Braga', 'Vila Nova de Famalicão', 'Oliveira (Santa Maria)'),
('\'03\'', 'Braga', 'Vila Nova de Famalicão', 'Vale (São Martinho)'),
('\'03\'', 'Braga', 'Vila Nova de Famalicão', 'Oliveira (São Mateus)'),
('\'03\'', 'Braga', 'Vila Nova de Famalicão', 'Vermoim'),
('\'03\'', 'Braga', 'Vila Nova de Famalicão', 'Vilarinho das Cambas'),
('\'03\'', 'Braga', 'Vila Nova de Famalicão', 'União das freguesias de Antas e Abade de Vermoim'),
('\'03\'', 'Braga', 'Vila Nova de Famalicão', 'União das freguesias de Arnoso (Santa Maria e Santa Eulália) e Sezures'),
('\'03\'', 'Braga', 'Vila Nova de Famalicão', 'União das freguesias de Avidos e Lagoa'),
('\'03\'', 'Braga', 'Vila Nova de Famalicão', 'União das freguesias de Carreira e Bente'),
('\'03\'', 'Braga', 'Vila Nova de Famalicão', 'União das freguesias de Esmeriz e Cabeçudos'),
('\'03\'', 'Braga', 'Vila Nova de Famalicão', 'União das freguesias de Gondifelos, Cavalões e Outiz'),
('\'03\'', 'Braga', 'Vila Nova de Famalicão', 'União das freguesias de Lemenhe, Mouquim e Jesufrei'),
('\'03\'', 'Braga', 'Vila Nova de Famalicão', 'União das freguesias de Ruivães e Novais'),
('\'03\'', 'Braga', 'Vila Nova de Famalicão', 'União das freguesias de Seide'),
('\'03\'', 'Braga', 'Vila Nova de Famalicão', 'União das freguesias de Vale (São Cosme), Telhado e Portela'),
('\'03\'', 'Braga', 'Vila Nova de Famalicão', 'União das freguesias de Vila Nova de Famalicão e Calendário'),
('\'03\'', 'Braga', 'Vila Verde', 'Atiães'),
('\'03\'', 'Braga', 'Vila Verde', 'Cabanelas'),
('\'03\'', 'Braga', 'Vila Verde', 'Cervães'),
('\'03\'', 'Braga', 'Vila Verde', 'Coucieiro'),
('\'03\'', 'Braga', 'Vila Verde', 'Dossãos'),
('\'03\'', 'Braga', 'Vila Verde', 'Freiriz'),
('\'03\'', 'Braga', 'Vila Verde', 'Gême'),
('\'03\'', 'Braga', 'Vila Verde', 'Lage'),
('\'03\'', 'Braga', 'Vila Verde', 'Lanhas'),
('\'03\'', 'Braga', 'Vila Verde', 'Loureira'),
('\'03\'', 'Braga', 'Vila Verde', 'Moure'),
('\'03\'', 'Braga', 'Vila Verde', 'Oleiros'),
('\'03\'', 'Braga', 'Vila Verde', 'Parada de Gatim'),
('\'03\'', 'Braga', 'Vila Verde', 'Pico'),
('\'03\'', 'Braga', 'Vila Verde', 'Ponte'),
('\'03\'', 'Braga', 'Vila Verde', 'Sabariz'),
('\'03\'', 'Braga', 'Vila Verde', 'Vila de Prado'),
('\'03\'', 'Braga', 'Vila Verde', 'Prado (São Miguel)'),
('\'03\'', 'Braga', 'Vila Verde', 'Soutelo'),
('\'03\'', 'Braga', 'Vila Verde', 'Turiz'),
('\'03\'', 'Braga', 'Vila Verde', 'Valdreu'),
('\'03\'', 'Braga', 'Vila Verde', 'Aboim da Nóbrega e Gondomar'),
('\'03\'', 'Braga', 'Vila Verde', 'União das freguesias da Ribeira do Neiva'),
('\'03\'', 'Braga', 'Vila Verde', 'União das freguesias de Carreiras (São Miguel) e Carreiras (Santiago)'),
('\'03\'', 'Braga', 'Vila Verde', 'União das freguesias de Escariz (São Mamede) e Escariz (São Martinho)'),
('\'03\'', 'Braga', 'Vila Verde', 'União das freguesias de Esqueiros, Nevogilde e Travassós'),
('\'03\'', 'Braga', 'Vila Verde', 'União das freguesias de Marrancos e Arcozelo'),
('\'03\'', 'Braga', 'Vila Verde', 'União das freguesias de Oriz (Santa Marinha) e Oriz (São Miguel)'),
('\'03\'', 'Braga', 'Vila Verde', 'União das freguesias de Pico de Regalados, Gondiães e Mós'),
('\'03\'', 'Braga', 'Vila Verde', 'União das freguesias de Sande, Vilarinho, Barros e Gomide'),
('\'03\'', 'Braga', 'Vila Verde', 'União das freguesias de Valbom (São Pedro), Passô e Valbom (São Martinho)'),
('\'03\'', 'Braga', 'Vila Verde', 'União das freguesias do Vade'),
('\'03\'', 'Braga', 'Vila Verde', 'Vila Verde e Barbudo'),
('\'03\'', 'Braga', 'Vizela', 'Santa Eulália'),
('\'03\'', 'Braga', 'Vizela', 'Infias'),
('\'03\'', 'Braga', 'Vizela', 'Vizela (Santo Adrião)'),
('\'03\'', 'Braga', 'Vizela', 'União das freguesias de Caldas de Vizela (São Miguel e São João)'),
('\'03\'', 'Braga', 'Vizela', 'União das freguesias de Tagilde e Vizela (São Paio)'),
('\'04\'', 'Bragança', 'Alfândega da Fé', 'Alfândega da Fé'),
('\'04\'', 'Bragança', 'Alfândega da Fé', 'Cerejais'),
('\'04\'', 'Bragança', 'Alfândega da Fé', 'Sambade'),
('\'04\'', 'Bragança', 'Alfândega da Fé', 'Vilar Chão'),
('\'04\'', 'Bragança', 'Alfândega da Fé', 'Vilarelhos'),
('\'04\'', 'Bragança', 'Alfândega da Fé', 'Vilares de Vilariça'),
('\'04\'', 'Bragança', 'Alfândega da Fé', 'União das freguesias de Agrobom, Saldonha e Vale Pereiro'),
('\'04\'', 'Bragança', 'Alfândega da Fé', 'União das freguesias de Eucisia, Gouveia e Valverde'),
('\'04\'', 'Bragança', 'Alfândega da Fé', 'União das freguesias de Ferradosa e Sendim da Serra'),
('\'04\'', 'Bragança', 'Alfândega da Fé', 'União das freguesias de Gebelim e Soeima'),
('\'04\'', 'Bragança', 'Alfândega da Fé', 'União das freguesias de Parada e Sendim da Ribeira'),
('\'04\'', 'Bragança', 'Alfândega da Fé', 'União das freguesias de Pombal e Vales'),
('\'04\'', 'Bragança', 'Bragança', 'Alfaião'),
('\'04\'', 'Bragança', 'Bragança', 'Babe'),
('\'04\'', 'Bragança', 'Bragança', 'Baçal'),
('\'04\'', 'Bragança', 'Bragança', 'Carragosa'),
('\'04\'', 'Bragança', 'Bragança', 'Castro de Avelãs'),
('\'04\'', 'Bragança', 'Bragança', 'Coelhoso'),
('\'04\'', 'Bragança', 'Bragança', 'Donai'),
('\'04\'', 'Bragança', 'Bragança', 'Espinhosela'),
('\'04\'', 'Bragança', 'Bragança', 'França'),
('\'04\'', 'Bragança', 'Bragança', 'Gimonde'),
('\'04\'', 'Bragança', 'Bragança', 'Gondesende'),
('\'04\'', 'Bragança', 'Bragança', 'Gostei'),
('\'04\'', 'Bragança', 'Bragança', 'Grijó de Parada'),
('\'04\'', 'Bragança', 'Bragança', 'Macedo do Mato'),
('\'04\'', 'Bragança', 'Bragança', 'Mós'),
('\'04\'', 'Bragança', 'Bragança', 'Nogueira'),
('\'04\'', 'Bragança', 'Bragança', 'Outeiro'),
('\'04\'', 'Bragança', 'Bragança', 'Parâmio'),
('\'04\'', 'Bragança', 'Bragança', 'Pinela'),
('\'04\'', 'Bragança', 'Bragança', 'Quintanilha'),
('\'04\'', 'Bragança', 'Bragança', 'Quintela de Lampaças'),
('\'04\'', 'Bragança', 'Bragança', 'Rabal'),
('\'04\'', 'Bragança', 'Bragança', 'Rebordãos'),
('\'04\'', 'Bragança', 'Bragança', 'Salsas'),
('\'04\'', 'Bragança', 'Bragança', 'Samil'),
('\'04\'', 'Bragança', 'Bragança', 'Santa Comba de Rossas'),
('\'04\'', 'Bragança', 'Bragança', 'São Pedro de Sarracenos'),
('\'04\'', 'Bragança', 'Bragança', 'Sendas'),
('\'04\'', 'Bragança', 'Bragança', 'Serapicos'),
('\'04\'', 'Bragança', 'Bragança', 'Sortes'),
('\'04\'', 'Bragança', 'Bragança', 'Zoio'),
('\'04\'', 'Bragança', 'Bragança', 'União das freguesias de Aveleda e Rio de Onor'),
('\'04\'', 'Bragança', 'Bragança', 'União das freguesias de Castrelos e Carrazedo'),
('\'04\'', 'Bragança', 'Bragança', 'União das freguesias de Izeda, Calvelhe e Paradinha Nova'),
('\'04\'', 'Bragança', 'Bragança', 'União das freguesias de Parada e Faílde'),
('\'04\'', 'Bragança', 'Bragança', 'União das freguesias de Rebordainhos e Pombares'),
('\'04\'', 'Bragança', 'Bragança', 'União das freguesias de Rio Frio e Milhão'),
('\'04\'', 'Bragança', 'Bragança', 'União das freguesias de São Julião de Palácios e Deilão'),
('\'04\'', 'Bragança', 'Bragança', 'União das freguesias de Sé, Santa Maria e Meixedo'),
('\'04\'', 'Bragança', 'Carrazeda de Ansiães', 'Carrazeda de Ansiães'),
('\'04\'', 'Bragança', 'Carrazeda de Ansiães', 'Fonte Longa'),
('\'04\'', 'Bragança', 'Carrazeda de Ansiães', 'Linhares'),
('\'04\'', 'Bragança', 'Carrazeda de Ansiães', 'Marzagão'),
('\'04\'', 'Bragança', 'Carrazeda de Ansiães', 'Parambos'),
('\'04\'', 'Bragança', 'Carrazeda de Ansiães', 'Pereiros'),
('\'04\'', 'Bragança', 'Carrazeda de Ansiães', 'Pinhal do Norte'),
('\'04\'', 'Bragança', 'Carrazeda de Ansiães', 'Pombal'),
('\'04\'', 'Bragança', 'Carrazeda de Ansiães', 'Seixo de Ansiães'),
('\'04\'', 'Bragança', 'Carrazeda de Ansiães', 'Vilarinho da Castanheira'),
('\'04\'', 'Bragança', 'Carrazeda de Ansiães', 'União das freguesias de Amedo e Zedes'),
('\'04\'', 'Bragança', 'Carrazeda de Ansiães', 'União das freguesias de Belver e Mogo de Malta'),
('\'04\'', 'Bragança', 'Carrazeda de Ansiães', 'União das freguesias de Castanheiro do Norte e Ribalonga'),
('\'04\'', 'Bragança', 'Carrazeda de Ansiães', 'União das freguesias de Lavandeira, Beira Grande e Selores'),
('\'04\'', 'Bragança', 'Freixo de Espada à Cinta', 'Ligares'),
('\'04\'', 'Bragança', 'Freixo de Espada à Cinta', 'Poiares'),
('\'04\'', 'Bragança', 'Freixo de Espada à Cinta', 'União das freguesias de Freixo de Espada à Cinta e Mazouco'),
('\'04\'', 'Bragança', 'Freixo de Espada à Cinta', 'União das freguesias de Lagoaça e Fornos'),
('\'04\'', 'Bragança', 'Macedo de Cavaleiros', 'Amendoeira'),
('\'04\'', 'Bragança', 'Macedo de Cavaleiros', 'Arcas'),
('\'04\'', 'Bragança', 'Macedo de Cavaleiros', 'Carrapatas'),
('\'04\'', 'Bragança', 'Macedo de Cavaleiros', 'Chacim'),
('\'04\'', 'Bragança', 'Macedo de Cavaleiros', 'Cortiços'),
('\'04\'', 'Bragança', 'Macedo de Cavaleiros', 'Corujas'),
('\'04\'', 'Bragança', 'Macedo de Cavaleiros', 'Ferreira'),
('\'04\'', 'Bragança', 'Macedo de Cavaleiros', 'Grijó'),
('\'04\'', 'Bragança', 'Macedo de Cavaleiros', 'Lagoa'),
('\'04\'', 'Bragança', 'Macedo de Cavaleiros', 'Lamalonga'),
('\'04\'', 'Bragança', 'Macedo de Cavaleiros', 'Lamas'),
('\'04\'', 'Bragança', 'Macedo de Cavaleiros', 'Lombo'),
('\'04\'', 'Bragança', 'Macedo de Cavaleiros', 'Macedo de Cavaleiros'),
('\'04\'', 'Bragança', 'Macedo de Cavaleiros', 'Morais'),
('\'04\'', 'Bragança', 'Macedo de Cavaleiros', 'Olmos'),
('\'04\'', 'Bragança', 'Macedo de Cavaleiros', 'Peredo'),
('\'04\'', 'Bragança', 'Macedo de Cavaleiros', 'Salselas'),
('\'04\'', 'Bragança', 'Macedo de Cavaleiros', 'Sezulfe'),
('\'04\'', 'Bragança', 'Macedo de Cavaleiros', 'Talhas'),
('\'04\'', 'Bragança', 'Macedo de Cavaleiros', 'Vale Benfeito'),
('\'04\'', 'Bragança', 'Macedo de Cavaleiros', 'Vale da Porca'),
('\'04\'', 'Bragança', 'Macedo de Cavaleiros', 'Vale de Prados'),
('\'04\'', 'Bragança', 'Macedo de Cavaleiros', 'Vilarinho de Agrochão'),
('\'04\'', 'Bragança', 'Macedo de Cavaleiros', 'Vinhas'),
('\'04\'', 'Bragança', 'Macedo de Cavaleiros', 'União das freguesias de Ala e Vilarinho do Monte'),
('\'04\'', 'Bragança', 'Macedo de Cavaleiros', 'União das freguesias de Bornes e Burga'),
('\'04\'', 'Bragança', 'Macedo de Cavaleiros', 'União das freguesias de Castelãos e Vilar do Monte'),
('\'04\'', 'Bragança', 'Macedo de Cavaleiros', 'União das freguesias de Espadanedo, Edroso, Murçós e Soutelo Mourisco'),
('\'04\'', 'Bragança', 'Macedo de Cavaleiros', 'União das freguesias de Podence e Santa Combinha'),
('\'04\'', 'Bragança', 'Macedo de Cavaleiros', 'União das freguesias de Talhinhas e Bagueixe'),
('\'04\'', 'Bragança', 'Miranda do Douro', 'Duas Igrejas'),
('\'04\'', 'Bragança', 'Miranda do Douro', 'Genísio'),
('\'04\'', 'Bragança', 'Miranda do Douro', 'Malhadas'),
('\'04\'', 'Bragança', 'Miranda do Douro', 'Miranda do Douro'),
('\'04\'', 'Bragança', 'Miranda do Douro', 'Palaçoulo'),
('\'04\'', 'Bragança', 'Miranda do Douro', 'Picote'),
('\'04\'', 'Bragança', 'Miranda do Douro', 'Póvoa'),
('\'04\'', 'Bragança', 'Miranda do Douro', 'São Martinho de Angueira'),
('\'04\'', 'Bragança', 'Miranda do Douro', 'Vila Chã de Braciosa'),
('\'04\'', 'Bragança', 'Miranda do Douro', 'União das freguesias de Constantim e Cicouro'),
('\'04\'', 'Bragança', 'Miranda do Douro', 'União das freguesias de Ifanes e Paradela'),
('\'04\'', 'Bragança', 'Miranda do Douro', 'União das freguesias de Sendim e Atenor'),
('\'04\'', 'Bragança', 'Miranda do Douro', 'União das freguesias de Silva e Águas Vivas'),
('\'04\'', 'Bragança', 'Mirandela', 'Abambres'),
('\'04\'', 'Bragança', 'Mirandela', 'Abreiro'),
('\'04\'', 'Bragança', 'Mirandela', 'Aguieiras'),
('\'04\'', 'Bragança', 'Mirandela', 'Alvites'),
('\'04\'', 'Bragança', 'Mirandela', 'Bouça'),
('\'04\'', 'Bragança', 'Mirandela', 'Cabanelas'),
('\'04\'', 'Bragança', 'Mirandela', 'Caravelas'),
('\'04\'', 'Bragança', 'Mirandela', 'Carvalhais'),
('\'04\'', 'Bragança', 'Mirandela', 'Cedães'),
('\'04\'', 'Bragança', 'Mirandela', 'Cobro'),
('\'04\'', 'Bragança', 'Mirandela', 'Fradizela'),
('\'04\'', 'Bragança', 'Mirandela', 'Frechas'),
('\'04\'', 'Bragança', 'Mirandela', 'Lamas de Orelhão'),
('\'04\'', 'Bragança', 'Mirandela', 'Mascarenhas'),
('\'04\'', 'Bragança', 'Mirandela', 'Mirandela'),
('\'04\'', 'Bragança', 'Mirandela', 'Múrias'),
('\'04\'', 'Bragança', 'Mirandela', 'Passos'),
('\'04\'', 'Bragança', 'Mirandela', 'São Pedro Velho'),
('\'04\'', 'Bragança', 'Mirandela', 'São Salvador'),
('\'04\'', 'Bragança', 'Mirandela', 'Suçães'),
('\'04\'', 'Bragança', 'Mirandela', 'Torre de Dona Chama'),
('\'04\'', 'Bragança', 'Mirandela', 'Vale de Asnes'),
('\'04\'', 'Bragança', 'Mirandela', 'Vale de Gouvinhas'),
('\'04\'', 'Bragança', 'Mirandela', 'Vale de Salgueiro'),
('\'04\'', 'Bragança', 'Mirandela', 'Vale de Telhas'),
('\'04\'', 'Bragança', 'Mirandela', 'União das freguesias de Avantos e Romeu'),
('\'04\'', 'Bragança', 'Mirandela', 'União das Freguesias de Avidagos, Navalho e Pereira'),
('\'04\'', 'Bragança', 'Mirandela', 'União das freguesias de Barcel, Marmelos e Valverde da Gestosa'),
('\'04\'', 'Bragança', 'Mirandela', 'União das freguesias de Franco e Vila Boa'),
('\'04\'', 'Bragança', 'Mirandela', 'União das freguesias de Freixeda e Vila Verde'),
('\'04\'', 'Bragança', 'Mogadouro', 'Azinhoso'),
('\'04\'', 'Bragança', 'Mogadouro', 'Bemposta'),
('\'04\'', 'Bragança', 'Mogadouro', 'Bruçó'),
('\'04\'', 'Bragança', 'Mogadouro', 'Brunhoso'),
('\'04\'', 'Bragança', 'Mogadouro', 'Castelo Branco'),
('\'04\'', 'Bragança', 'Mogadouro', 'Castro Vicente'),
('\'04\'', 'Bragança', 'Mogadouro', 'Meirinhos'),
('\'04\'', 'Bragança', 'Mogadouro', 'Paradela'),
('\'04\'', 'Bragança', 'Mogadouro', 'Penas Roias'),
('\'04\'', 'Bragança', 'Mogadouro', 'Peredo da Bemposta'),
('\'04\'', 'Bragança', 'Mogadouro', 'Saldanha'),
('\'04\'', 'Bragança', 'Mogadouro', 'São Martinho do Peso'),
('\'04\'', 'Bragança', 'Mogadouro', 'Tó'),
('\'04\'', 'Bragança', 'Mogadouro', 'Travanca'),
('\'04\'', 'Bragança', 'Mogadouro', 'Urrós'),
('\'04\'', 'Bragança', 'Mogadouro', 'Vale da Madre'),
('\'04\'', 'Bragança', 'Mogadouro', 'Vila de Ala'),
('\'04\'', 'Bragança', 'Mogadouro', 'União das freguesias de Brunhozinho, Castanheira e Sanhoane'),
('\'04\'', 'Bragança', 'Mogadouro', 'União das freguesias de Mogadouro, Valverde, Vale de Porco e Vilar de Rei'),
('\'04\'', 'Bragança', 'Mogadouro', 'União das freguesias de Remondes e Soutelo'),
('\'04\'', 'Bragança', 'Mogadouro', 'União das freguesias de Vilarinho dos Galegos e Ventozelo'),
('\'04\'', 'Bragança', 'Torre de Moncorvo', 'Açoreira'),
('\'04\'', 'Bragança', 'Torre de Moncorvo', 'Cabeça Boa'),
('\'04\'', 'Bragança', 'Torre de Moncorvo', 'Carviçais'),
('\'04\'', 'Bragança', 'Torre de Moncorvo', 'Castedo'),
('\'04\'', 'Bragança', 'Torre de Moncorvo', 'Horta da Vilariça'),
('\'04\'', 'Bragança', 'Torre de Moncorvo', 'Larinho'),
('\'04\'', 'Bragança', 'Torre de Moncorvo', 'Lousa'),
('\'04\'', 'Bragança', 'Torre de Moncorvo', 'Mós'),
('\'04\'', 'Bragança', 'Torre de Moncorvo', 'Torre de Moncorvo'),
('\'04\'', 'Bragança', 'Torre de Moncorvo', 'União das freguesias de Adeganha e Cardanha'),
('\'04\'', 'Bragança', 'Torre de Moncorvo', 'União das freguesias de Felgar e Souto da Velha'),
('\'04\'', 'Bragança', 'Torre de Moncorvo', 'União das freguesias de Felgueiras e Maçores'),
('\'04\'', 'Bragança', 'Torre de Moncorvo', 'União das freguesias de Urros e Peredo dos Castelhanos'),
('\'04\'', 'Bragança', 'Vila Flor', 'Benlhevai'),
('\'04\'', 'Bragança', 'Vila Flor', 'Freixiel'),
('\'04\'', 'Bragança', 'Vila Flor', 'Roios'),
('\'04\'', 'Bragança', 'Vila Flor', 'Samões'),
('\'04\'', 'Bragança', 'Vila Flor', 'Sampaio'),
('\'04\'', 'Bragança', 'Vila Flor', 'Santa Comba de Vilariça'),
('\'04\'', 'Bragança', 'Vila Flor', 'Seixo de Manhoses'),
('\'04\'', 'Bragança', 'Vila Flor', 'Trindade'),
('\'04\'', 'Bragança', 'Vila Flor', 'Vale Frechoso'),
('\'04\'', 'Bragança', 'Vila Flor', 'União das freguesias de Assares e Lodões'),
('\'04\'', 'Bragança', 'Vila Flor', 'União das freguesias de Candoso e Carvalho de Egas'),
('\'04\'', 'Bragança', 'Vila Flor', 'União das freguesias de Valtorno e Mourão'),
('\'04\'', 'Bragança', 'Vila Flor', 'União das freguesias de Vila Flor e Nabo'),
('\'04\'', 'Bragança', 'Vila Flor', 'União das freguesias de Vilas Boas e Vilarinho das Azenhas'),
('\'04\'', 'Bragança', 'Vimioso', 'Argozelo'),
('\'04\'', 'Bragança', 'Vimioso', 'Carção'),
('\'04\'', 'Bragança', 'Vimioso', 'Matela'),
('\'04\'', 'Bragança', 'Vimioso', 'Pinelo'),
('\'04\'', 'Bragança', 'Vimioso', 'Santulhão'),
('\'04\'', 'Bragança', 'Vimioso', 'Vilar Seco'),
('\'04\'', 'Bragança', 'Vimioso', 'Vimioso'),
('\'04\'', 'Bragança', 'Vimioso', 'União das freguesias de Algoso, Campo de Víboras e Uva'),
('\'04\'', 'Bragança', 'Vimioso', 'União das freguesias de Caçarelhos e Angueira'),
('\'04\'', 'Bragança', 'Vimioso', 'União das freguesias de Vale de Frades e Avelanoso'),
('\'04\'', 'Bragança', 'Vinhais', 'Agrochão'),
('\'04\'', 'Bragança', 'Vinhais', 'Candedo'),
('\'04\'', 'Bragança', 'Vinhais', 'Celas'),
('\'04\'', 'Bragança', 'Vinhais', 'Edral'),
('\'04\'', 'Bragança', 'Vinhais', 'Edrosa'),
('\'04\'', 'Bragança', 'Vinhais', 'Ervedosa'),
('\'04\'', 'Bragança', 'Vinhais', 'Paçó'),
('\'04\'', 'Bragança', 'Vinhais', 'Penhas Juntas'),
('\'04\'', 'Bragança', 'Vinhais', 'Rebordelo'),
('\'04\'', 'Bragança', 'Vinhais', 'Santalha'),
('\'04\'', 'Bragança', 'Vinhais', 'Tuizelo'),
('\'04\'', 'Bragança', 'Vinhais', 'Vale das Fontes'),
('\'04\'', 'Bragança', 'Vinhais', 'Vila Boa de Ousilhão'),
('\'04\'', 'Bragança', 'Vinhais', 'Vila Verde'),
('\'04\'', 'Bragança', 'Vinhais', 'Vilar de Ossos'),
('\'04\'', 'Bragança', 'Vinhais', 'Vilar de Peregrinos'),
('\'04\'', 'Bragança', 'Vinhais', 'Vilar Seco de Lomba'),
('\'04\'', 'Bragança', 'Vinhais', 'Vinhais'),
('\'04\'', 'Bragança', 'Vinhais', 'União das freguesias de Curopos e Vale de Janeiro'),
('\'04\'', 'Bragança', 'Vinhais', 'União das freguesias de Moimenta e Montouto'),
('\'04\'', 'Bragança', 'Vinhais', 'União das freguesias de Nunes e Ousilhão'),
('\'04\'', 'Bragança', 'Vinhais', 'União das freguesias de Quirás e Pinheiro Novo'),
('\'04\'', 'Bragança', 'Vinhais', 'União das freguesias de Sobreiro de Baixo e Alvaredos'),
('\'04\'', 'Bragança', 'Vinhais', 'União das freguesias de Soeira, Fresulfe e Mofreita'),
('\'04\'', 'Bragança', 'Vinhais', 'União das freguesias de Travanca e Santa Cruz'),
('\'04\'', 'Bragança', 'Vinhais', 'União das freguesias de Vilar de Lomba e São Jomil'),
('\'05\'', 'Castelo Branco', 'Belmonte', 'Caria'),
('\'05\'', 'Castelo Branco', 'Belmonte', 'Inguias'),
('\'05\'', 'Castelo Branco', 'Belmonte', 'Maçainhas'),
('\'05\'', 'Castelo Branco', 'Belmonte', 'União das freguesias de Belmonte e Colmeal da Torre'),
('\'05\'', 'Castelo Branco', 'Castelo Branco', 'Alcains'),
('\'05\'', 'Castelo Branco', 'Castelo Branco', 'Almaceda'),
('\'05\'', 'Castelo Branco', 'Castelo Branco', 'Benquerenças'),
('\'05\'', 'Castelo Branco', 'Castelo Branco', 'Castelo Branco'),
('\'05\'', 'Castelo Branco', 'Castelo Branco', 'Lardosa'),
('\'05\'', 'Castelo Branco', 'Castelo Branco', 'Louriçal do Campo'),
('\'05\'', 'Castelo Branco', 'Castelo Branco', 'Malpica do Tejo'),
('\'05\'', 'Castelo Branco', 'Castelo Branco', 'Monforte da Beira'),
('\'05\'', 'Castelo Branco', 'Castelo Branco', 'Salgueiro do Campo'),
('\'05\'', 'Castelo Branco', 'Castelo Branco', 'Santo André das Tojeiras'),
('\'05\'', 'Castelo Branco', 'Castelo Branco', 'São Vicente da Beira'),
('\'05\'', 'Castelo Branco', 'Castelo Branco', 'Sarzedas'),
('\'05\'', 'Castelo Branco', 'Castelo Branco', 'Tinalhas'),
('\'05\'', 'Castelo Branco', 'Castelo Branco', 'União das freguesias de Cebolais de Cima e Retaxo'),
('\'05\'', 'Castelo Branco', 'Castelo Branco', 'União das freguesias de Escalos de Baixo e Mata'),
('\'05\'', 'Castelo Branco', 'Castelo Branco', 'União das freguesias de Escalos de Cima e Lousa');
INSERT INTO `localizacao` (`id_distrito`, `distrito`, `conselho`, `freguesia`) VALUES
('\'05\'', 'Castelo Branco', 'Castelo Branco', 'União das freguesias de Freixial e Juncal do Campo'),
('\'05\'', 'Castelo Branco', 'Castelo Branco', 'União das freguesias de Ninho do Açor e Sobral do Campo'),
('\'05\'', 'Castelo Branco', 'Castelo Branco', 'União das freguesias de Póvoa de Rio de Moinhos e Cafede'),
('\'05\'', 'Castelo Branco', 'Covilhã', 'Aldeia de São Francisco de Assis'),
('\'05\'', 'Castelo Branco', 'Covilhã', 'Boidobra'),
('\'05\'', 'Castelo Branco', 'Covilhã', 'Cortes do Meio'),
('\'05\'', 'Castelo Branco', 'Covilhã', 'Dominguizo'),
('\'05\'', 'Castelo Branco', 'Covilhã', 'Erada'),
('\'05\'', 'Castelo Branco', 'Covilhã', 'Ferro'),
('\'05\'', 'Castelo Branco', 'Covilhã', 'Orjais'),
('\'05\'', 'Castelo Branco', 'Covilhã', 'Paul'),
('\'05\'', 'Castelo Branco', 'Covilhã', 'Peraboa'),
('\'05\'', 'Castelo Branco', 'Covilhã', 'São Jorge da Beira'),
('\'05\'', 'Castelo Branco', 'Covilhã', 'Sobral de São Miguel'),
('\'05\'', 'Castelo Branco', 'Covilhã', 'Tortosendo'),
('\'05\'', 'Castelo Branco', 'Covilhã', 'Unhais da Serra'),
('\'05\'', 'Castelo Branco', 'Covilhã', 'Verdelhos'),
('\'05\'', 'Castelo Branco', 'Covilhã', 'União das freguesias de Barco e Coutada'),
('\'05\'', 'Castelo Branco', 'Covilhã', 'União das freguesias de Cantar-Galo e Vila do Carvalho'),
('\'05\'', 'Castelo Branco', 'Covilhã', 'União das freguesias de Casegas e Ourondo'),
('\'05\'', 'Castelo Branco', 'Covilhã', 'União das freguesias de Covilhã e Canhoso'),
('\'05\'', 'Castelo Branco', 'Covilhã', 'União das freguesias de Peso e Vales do Rio'),
('\'05\'', 'Castelo Branco', 'Covilhã', 'União das freguesias de Teixoso e Sarzedo'),
('\'05\'', 'Castelo Branco', 'Covilhã', 'União das freguesias de Vale Formoso e Aldeia do Souto'),
('\'05\'', 'Castelo Branco', 'Fundão', 'Alcaide'),
('\'05\'', 'Castelo Branco', 'Fundão', 'Alcaria'),
('\'05\'', 'Castelo Branco', 'Fundão', 'Alcongosta'),
('\'05\'', 'Castelo Branco', 'Fundão', 'Alpedrinha'),
('\'05\'', 'Castelo Branco', 'Fundão', 'Barroca'),
('\'05\'', 'Castelo Branco', 'Fundão', 'Bogas de Cima'),
('\'05\'', 'Castelo Branco', 'Fundão', 'Capinha'),
('\'05\'', 'Castelo Branco', 'Fundão', 'Castelejo'),
('\'05\'', 'Castelo Branco', 'Fundão', 'Castelo Novo'),
('\'05\'', 'Castelo Branco', 'Fundão', 'Fatela'),
('\'05\'', 'Castelo Branco', 'Fundão', 'Lavacolhos'),
('\'05\'', 'Castelo Branco', 'Fundão', 'Orca'),
('\'05\'', 'Castelo Branco', 'Fundão', 'Pêro Viseu'),
('\'05\'', 'Castelo Branco', 'Fundão', 'Silvares'),
('\'05\'', 'Castelo Branco', 'Fundão', 'Soalheira'),
('\'05\'', 'Castelo Branco', 'Fundão', 'Souto da Casa'),
('\'05\'', 'Castelo Branco', 'Fundão', 'Telhado'),
('\'05\'', 'Castelo Branco', 'Fundão', 'Enxames'),
('\'05\'', 'Castelo Branco', 'Fundão', 'Três Povos'),
('\'05\'', 'Castelo Branco', 'Fundão', 'União das freguesias de Janeiro de Cima e Bogas de Baixo'),
('\'05\'', 'Castelo Branco', 'Fundão', 'União das freguesias de Fundão, Valverde, Donas, Aldeia de Joanes e Aldeia Nova do Cabo'),
('\'05\'', 'Castelo Branco', 'Fundão', 'União das freguesias de Póvoa de Atalaia e Atalaia do Campo'),
('\'05\'', 'Castelo Branco', 'Fundão', 'União das freguesias de Vale de Prazeres e Mata da Rainha'),
('\'05\'', 'Castelo Branco', 'Idanha-a-Nova', 'Aldeia de Santa Margarida'),
('\'05\'', 'Castelo Branco', 'Idanha-a-Nova', 'Ladoeiro'),
('\'05\'', 'Castelo Branco', 'Idanha-a-Nova', 'Medelim'),
('\'05\'', 'Castelo Branco', 'Idanha-a-Nova', 'Oledo'),
('\'05\'', 'Castelo Branco', 'Idanha-a-Nova', 'Penha Garcia'),
('\'05\'', 'Castelo Branco', 'Idanha-a-Nova', 'Proença-a-Velha'),
('\'05\'', 'Castelo Branco', 'Idanha-a-Nova', 'Rosmaninhal'),
('\'05\'', 'Castelo Branco', 'Idanha-a-Nova', 'São Miguel de Acha'),
('\'05\'', 'Castelo Branco', 'Idanha-a-Nova', 'Toulões'),
('\'05\'', 'Castelo Branco', 'Idanha-a-Nova', 'União das freguesias de Idanha-a-Nova e Alcafozes'),
('\'05\'', 'Castelo Branco', 'Idanha-a-Nova', 'União das freguesias de Monfortinho e Salvaterra do Extremo'),
('\'05\'', 'Castelo Branco', 'Idanha-a-Nova', 'União das freguesias de Monsanto e Idanha-a-Velha'),
('\'05\'', 'Castelo Branco', 'Idanha-a-Nova', 'União das freguesias de Zebreira e Segura'),
('\'05\'', 'Castelo Branco', 'Oleiros', 'Álvaro'),
('\'05\'', 'Castelo Branco', 'Oleiros', 'Cambas'),
('\'05\'', 'Castelo Branco', 'Oleiros', 'Isna'),
('\'05\'', 'Castelo Branco', 'Oleiros', 'Madeirã'),
('\'05\'', 'Castelo Branco', 'Oleiros', 'Mosteiro'),
('\'05\'', 'Castelo Branco', 'Oleiros', 'Orvalho'),
('\'05\'', 'Castelo Branco', 'Oleiros', 'Sarnadas de São Simão'),
('\'05\'', 'Castelo Branco', 'Oleiros', 'Sobral'),
('\'05\'', 'Castelo Branco', 'Oleiros', 'Estreito-Vilar Barroco'),
('\'05\'', 'Castelo Branco', 'Oleiros', 'Oleiros-Amieira'),
('\'05\'', 'Castelo Branco', 'Penamacor', 'Aranhas'),
('\'05\'', 'Castelo Branco', 'Penamacor', 'Benquerença'),
('\'05\'', 'Castelo Branco', 'Penamacor', 'Meimão'),
('\'05\'', 'Castelo Branco', 'Penamacor', 'Meimoa'),
('\'05\'', 'Castelo Branco', 'Penamacor', 'Penamacor'),
('\'05\'', 'Castelo Branco', 'Penamacor', 'Salvador'),
('\'05\'', 'Castelo Branco', 'Penamacor', 'Vale da Senhora da Póvoa'),
('\'05\'', 'Castelo Branco', 'Penamacor', 'União das freguesias de Aldeia do Bispo, Águas e Aldeia de João Pires'),
('\'05\'', 'Castelo Branco', 'Penamacor', 'União das freguesias de Pedrógão de São Pedro e Bemposta'),
('\'05\'', 'Castelo Branco', 'Proença-a-Nova', 'Montes da Senhora'),
('\'05\'', 'Castelo Branco', 'Proença-a-Nova', 'São Pedro do Esteval'),
('\'05\'', 'Castelo Branco', 'Proença-a-Nova', 'União das freguesias de Proença-a-Nova e Peral'),
('\'05\'', 'Castelo Branco', 'Proença-a-Nova', 'União das freguesias de Sobreira Formosa e Alvito da Beira'),
('\'05\'', 'Castelo Branco', 'Sertã', 'Cabeçudo'),
('\'05\'', 'Castelo Branco', 'Sertã', 'Carvalhal'),
('\'05\'', 'Castelo Branco', 'Sertã', 'Castelo'),
('\'05\'', 'Castelo Branco', 'Sertã', 'Pedrógão Pequeno'),
('\'05\'', 'Castelo Branco', 'Sertã', 'Sertã'),
('\'05\'', 'Castelo Branco', 'Sertã', 'Troviscal'),
('\'05\'', 'Castelo Branco', 'Sertã', 'Várzea dos Cavaleiros'),
('\'05\'', 'Castelo Branco', 'Sertã', 'União das freguesias de Cernache do Bonjardim, Nesperal e Palhais'),
('\'05\'', 'Castelo Branco', 'Sertã', 'União das freguesias de Cumeada e Marmeleiro'),
('\'05\'', 'Castelo Branco', 'Sertã', 'União das freguesias de Ermida e Figueiredo'),
('\'05\'', 'Castelo Branco', 'Vila de Rei', 'Fundada'),
('\'05\'', 'Castelo Branco', 'Vila de Rei', 'São João do Peso'),
('\'05\'', 'Castelo Branco', 'Vila de Rei', 'Vila de Rei'),
('\'05\'', 'Castelo Branco', 'Vila Velha de Ródão', 'Fratel'),
('\'05\'', 'Castelo Branco', 'Vila Velha de Ródão', 'Perais'),
('\'05\'', 'Castelo Branco', 'Vila Velha de Ródão', 'Sarnadas de Ródão'),
('\'05\'', 'Castelo Branco', 'Vila Velha de Ródão', 'Vila Velha de Ródão'),
('\'06\'', 'Coimbra', 'Arganil', 'Arganil'),
('\'06\'', 'Coimbra', 'Arganil', 'Benfeita'),
('\'06\'', 'Coimbra', 'Arganil', 'Celavisa'),
('\'06\'', 'Coimbra', 'Arganil', 'Folques'),
('\'06\'', 'Coimbra', 'Arganil', 'Piódão'),
('\'06\'', 'Coimbra', 'Arganil', 'Pomares'),
('\'06\'', 'Coimbra', 'Arganil', 'Pombeiro da Beira'),
('\'06\'', 'Coimbra', 'Arganil', 'São Martinho da Cortiça'),
('\'06\'', 'Coimbra', 'Arganil', 'Sarzedo'),
('\'06\'', 'Coimbra', 'Arganil', 'Secarias'),
('\'06\'', 'Coimbra', 'Arganil', 'União das freguesias de Cepos e Teixeira'),
('\'06\'', 'Coimbra', 'Arganil', 'União das freguesias de Cerdeira e Moura da Serra'),
('\'06\'', 'Coimbra', 'Arganil', 'União das freguesias de Côja e Barril de Alva'),
('\'06\'', 'Coimbra', 'Arganil', 'União das freguesias de Vila Cova de Alva e Anseriz'),
('\'06\'', 'Coimbra', 'Cantanhede', 'Ançã'),
('\'06\'', 'Coimbra', 'Cantanhede', 'Cadima'),
('\'06\'', 'Coimbra', 'Cantanhede', 'Cordinhã'),
('\'06\'', 'Coimbra', 'Cantanhede', 'Febres'),
('\'06\'', 'Coimbra', 'Cantanhede', 'Murtede'),
('\'06\'', 'Coimbra', 'Cantanhede', 'Ourentã'),
('\'06\'', 'Coimbra', 'Cantanhede', 'Tocha'),
('\'06\'', 'Coimbra', 'Cantanhede', 'São Caetano'),
('\'06\'', 'Coimbra', 'Cantanhede', 'Sanguinheira'),
('\'06\'', 'Coimbra', 'Cantanhede', 'União das freguesias de Cantanhede e Pocariça'),
('\'06\'', 'Coimbra', 'Cantanhede', 'União das freguesias de Covões e Camarneira'),
('\'06\'', 'Coimbra', 'Cantanhede', 'União das freguesias de Portunhos e Outil'),
('\'06\'', 'Coimbra', 'Cantanhede', 'União das freguesias de Sepins e Bolho'),
('\'06\'', 'Coimbra', 'Cantanhede', 'União das freguesias de Vilamar e Corticeiro de Cima'),
('\'06\'', 'Coimbra', 'Coimbra', 'Almalaguês'),
('\'06\'', 'Coimbra', 'Coimbra', 'Brasfemes'),
('\'06\'', 'Coimbra', 'Coimbra', 'Ceira'),
('\'06\'', 'Coimbra', 'Coimbra', 'Cernache'),
('\'06\'', 'Coimbra', 'Coimbra', 'Santo António dos Olivais'),
('\'06\'', 'Coimbra', 'Coimbra', 'São João do Campo'),
('\'06\'', 'Coimbra', 'Coimbra', 'São Silvestre'),
('\'06\'', 'Coimbra', 'Coimbra', 'Torres do Mondego'),
('\'06\'', 'Coimbra', 'Coimbra', 'União das freguesias de Antuzede e Vil de Matos'),
('\'06\'', 'Coimbra', 'Coimbra', 'União das freguesias de Assafarge e Antanhol'),
('\'06\'', 'Coimbra', 'Coimbra', 'União das freguesias de Coimbra (Sé Nova, Santa Cruz, Almedina e São Bartolomeu)'),
('\'06\'', 'Coimbra', 'Coimbra', 'União das freguesias de Eiras e São Paulo de Frades'),
('\'06\'', 'Coimbra', 'Coimbra', 'União das freguesias de Santa Clara e Castelo Viegas'),
('\'06\'', 'Coimbra', 'Coimbra', 'União das freguesias de São Martinho de Árvore e Lamarosa'),
('\'06\'', 'Coimbra', 'Coimbra', 'União das freguesias de São Martinho do Bispo e Ribeira de Frades'),
('\'06\'', 'Coimbra', 'Coimbra', 'União das freguesias de Souselas e Botão'),
('\'06\'', 'Coimbra', 'Coimbra', 'União das freguesias de Taveiro, Ameal e Arzila'),
('\'06\'', 'Coimbra', 'Coimbra', 'União das freguesias de Trouxemil e Torre de Vilela'),
('\'06\'', 'Coimbra', 'Condeixa-a-Nova', 'Anobra'),
('\'06\'', 'Coimbra', 'Condeixa-a-Nova', 'Ega'),
('\'06\'', 'Coimbra', 'Condeixa-a-Nova', 'Furadouro'),
('\'06\'', 'Coimbra', 'Condeixa-a-Nova', 'Zambujal'),
('\'06\'', 'Coimbra', 'Condeixa-a-Nova', 'União das freguesias de Condeixa-a-Velha e Condeixa-a-Nova'),
('\'06\'', 'Coimbra', 'Condeixa-a-Nova', 'União das freguesias de Sebal e Belide'),
('\'06\'', 'Coimbra', 'Condeixa-a-Nova', 'União das freguesias de Vila Seca e Bem da Fé'),
('\'06\'', 'Coimbra', 'Figueira da Foz', 'Alqueidão'),
('\'06\'', 'Coimbra', 'Figueira da Foz', 'Maiorca'),
('\'06\'', 'Coimbra', 'Figueira da Foz', 'Marinha das Ondas'),
('\'06\'', 'Coimbra', 'Figueira da Foz', 'Tavarede'),
('\'06\'', 'Coimbra', 'Figueira da Foz', 'Vila Verde'),
('\'06\'', 'Coimbra', 'Figueira da Foz', 'São Pedro'),
('\'06\'', 'Coimbra', 'Figueira da Foz', 'Bom Sucesso'),
('\'06\'', 'Coimbra', 'Figueira da Foz', 'Moinhos da Gândara'),
('\'06\'', 'Coimbra', 'Figueira da Foz', 'Alhadas'),
('\'06\'', 'Coimbra', 'Figueira da Foz', 'Buarcos'),
('\'06\'', 'Coimbra', 'Figueira da Foz', 'Ferreira-a-Nova'),
('\'06\'', 'Coimbra', 'Figueira da Foz', 'Lavos'),
('\'06\'', 'Coimbra', 'Figueira da Foz', 'Paião'),
('\'06\'', 'Coimbra', 'Figueira da Foz', 'Quiaios'),
('\'06\'', 'Coimbra', 'Góis', 'Alvares'),
('\'06\'', 'Coimbra', 'Góis', 'Góis'),
('\'06\'', 'Coimbra', 'Góis', 'Vila Nova do Ceira'),
('\'06\'', 'Coimbra', 'Góis', 'União das freguesias de Cadafaz e Colmeal'),
('\'06\'', 'Coimbra', 'Lousã', 'Serpins'),
('\'06\'', 'Coimbra', 'Lousã', 'Gândaras'),
('\'06\'', 'Coimbra', 'Lousã', 'União das freguesias de Foz de Arouce e Casal de Ermio'),
('\'06\'', 'Coimbra', 'Lousã', 'União das freguesias de Lousã e Vilarinho'),
('\'06\'', 'Coimbra', 'Mira', 'Mira'),
('\'06\'', 'Coimbra', 'Mira', 'Seixo'),
('\'06\'', 'Coimbra', 'Mira', 'Carapelhos'),
('\'06\'', 'Coimbra', 'Mira', 'Praia de Mira'),
('\'06\'', 'Coimbra', 'Miranda do Corvo', 'Lamas'),
('\'06\'', 'Coimbra', 'Miranda do Corvo', 'Miranda do Corvo'),
('\'06\'', 'Coimbra', 'Miranda do Corvo', 'Vila Nova'),
('\'06\'', 'Coimbra', 'Miranda do Corvo', 'União das freguesias de Semide e Rio Vide'),
('\'06\'', 'Coimbra', 'Montemor-o-Velho', 'Arazede'),
('\'06\'', 'Coimbra', 'Montemor-o-Velho', 'Carapinheira'),
('\'06\'', 'Coimbra', 'Montemor-o-Velho', 'Liceia'),
('\'06\'', 'Coimbra', 'Montemor-o-Velho', 'Meãs do Campo'),
('\'06\'', 'Coimbra', 'Montemor-o-Velho', 'Pereira'),
('\'06\'', 'Coimbra', 'Montemor-o-Velho', 'Santo Varão'),
('\'06\'', 'Coimbra', 'Montemor-o-Velho', 'Seixo de Gatões'),
('\'06\'', 'Coimbra', 'Montemor-o-Velho', 'Tentúgal'),
('\'06\'', 'Coimbra', 'Montemor-o-Velho', 'Ereira'),
('\'06\'', 'Coimbra', 'Montemor-o-Velho', 'União das freguesias de Abrunheira, Verride e Vila Nova da Barca'),
('\'06\'', 'Coimbra', 'Montemor-o-Velho', 'União das freguesias de Montemor-o-Velho e Gatões'),
('\'06\'', 'Coimbra', 'Oliveira do Hospital', 'Aldeia das Dez'),
('\'06\'', 'Coimbra', 'Oliveira do Hospital', 'Alvoco das Várzeas'),
('\'06\'', 'Coimbra', 'Oliveira do Hospital', 'Avô'),
('\'06\'', 'Coimbra', 'Oliveira do Hospital', 'Bobadela'),
('\'06\'', 'Coimbra', 'Oliveira do Hospital', 'Lagares'),
('\'06\'', 'Coimbra', 'Oliveira do Hospital', 'Lourosa'),
('\'06\'', 'Coimbra', 'Oliveira do Hospital', 'Meruge'),
('\'06\'', 'Coimbra', 'Oliveira do Hospital', 'Nogueira do Cravo'),
('\'06\'', 'Coimbra', 'Oliveira do Hospital', 'São Gião'),
('\'06\'', 'Coimbra', 'Oliveira do Hospital', 'Seixo da Beira'),
('\'06\'', 'Coimbra', 'Oliveira do Hospital', 'Travanca de Lagos'),
('\'06\'', 'Coimbra', 'Oliveira do Hospital', 'União das freguesias de Ervedal e Vila Franca da Beira'),
('\'06\'', 'Coimbra', 'Oliveira do Hospital', 'União das freguesias de Lagos da Beira e Lajeosa'),
('\'06\'', 'Coimbra', 'Oliveira do Hospital', 'União das freguesias de Oliveira do Hospital e São Paio de Gramaços'),
('\'06\'', 'Coimbra', 'Oliveira do Hospital', 'União das freguesias de Penalva de Alva e São Sebastião da Feira'),
('\'06\'', 'Coimbra', 'Oliveira do Hospital', 'União das freguesias de Santa Ovaia e Vila Pouca da Beira'),
('\'06\'', 'Coimbra', 'Pampilhosa da Serra', 'Cabril'),
('\'06\'', 'Coimbra', 'Pampilhosa da Serra', 'Dornelas do Zêzere'),
('\'06\'', 'Coimbra', 'Pampilhosa da Serra', 'Janeiro de Baixo'),
('\'06\'', 'Coimbra', 'Pampilhosa da Serra', 'Pampilhosa da Serra'),
('\'06\'', 'Coimbra', 'Pampilhosa da Serra', 'Pessegueiro'),
('\'06\'', 'Coimbra', 'Pampilhosa da Serra', 'Unhais-o-Velho'),
('\'06\'', 'Coimbra', 'Pampilhosa da Serra', 'Fajão-Vidual'),
('\'06\'', 'Coimbra', 'Pampilhosa da Serra', 'Portela do Fojo-Machio'),
('\'06\'', 'Coimbra', 'Penacova', 'Carvalho'),
('\'06\'', 'Coimbra', 'Penacova', 'Figueira de Lorvão'),
('\'06\'', 'Coimbra', 'Penacova', 'Lorvão'),
('\'06\'', 'Coimbra', 'Penacova', 'Penacova'),
('\'06\'', 'Coimbra', 'Penacova', 'Sazes do Lorvão'),
('\'06\'', 'Coimbra', 'Penacova', 'União das freguesias de Friúmes e Paradela'),
('\'06\'', 'Coimbra', 'Penacova', 'União das freguesias de Oliveira do Mondego e Travanca do Mondego'),
('\'06\'', 'Coimbra', 'Penacova', 'União das freguesias de São Pedro de Alva e São Paio de Mondego'),
('\'06\'', 'Coimbra', 'Penela', 'Cumeeira'),
('\'06\'', 'Coimbra', 'Penela', 'Espinhal'),
('\'06\'', 'Coimbra', 'Penela', 'Podentes'),
('\'06\'', 'Coimbra', 'Penela', 'União das freguesias de São Miguel, Santa Eufémia e Rabaçal'),
('\'06\'', 'Coimbra', 'Soure', 'Alfarelos'),
('\'06\'', 'Coimbra', 'Soure', 'Figueiró do Campo'),
('\'06\'', 'Coimbra', 'Soure', 'Granja do Ulmeiro'),
('\'06\'', 'Coimbra', 'Soure', 'Samuel'),
('\'06\'', 'Coimbra', 'Soure', 'Soure'),
('\'06\'', 'Coimbra', 'Soure', 'Tapéus'),
('\'06\'', 'Coimbra', 'Soure', 'Vila Nova de Anços'),
('\'06\'', 'Coimbra', 'Soure', 'Vinha da Rainha'),
('\'06\'', 'Coimbra', 'Soure', 'União das freguesias de Degracias e Pombalinho'),
('\'06\'', 'Coimbra', 'Soure', 'União das freguesias de Gesteira e Brunhós'),
('\'06\'', 'Coimbra', 'Tábua', 'Candosa'),
('\'06\'', 'Coimbra', 'Tábua', 'Carapinha'),
('\'06\'', 'Coimbra', 'Tábua', 'Midões'),
('\'06\'', 'Coimbra', 'Tábua', 'Mouronho'),
('\'06\'', 'Coimbra', 'Tábua', 'Póvoa de Midões'),
('\'06\'', 'Coimbra', 'Tábua', 'São João da Boa Vista'),
('\'06\'', 'Coimbra', 'Tábua', 'Tábua'),
('\'06\'', 'Coimbra', 'Tábua', 'União das freguesias de Ázere e Covelo'),
('\'06\'', 'Coimbra', 'Tábua', 'União das freguesias de Covas e Vila Nova de Oliveirinha'),
('\'06\'', 'Coimbra', 'Tábua', 'União das freguesias de Espariz e Sinde'),
('\'06\'', 'Coimbra', 'Tábua', 'União das freguesias de Pinheiro de Coja e Meda de Mouros'),
('\'06\'', 'Coimbra', 'Vila Nova de Poiares', 'Arrifana'),
('\'06\'', 'Coimbra', 'Vila Nova de Poiares', 'Lavegadas'),
('\'06\'', 'Coimbra', 'Vila Nova de Poiares', 'Poiares (Santo André)'),
('\'06\'', 'Coimbra', 'Vila Nova de Poiares', 'São Miguel de Poiares'),
('\'07\'', 'Évora', 'Alandroal', 'Santiago Maior'),
('\'07\'', 'Évora', 'Alandroal', 'Capelins (Santo António)'),
('\'07\'', 'Évora', 'Alandroal', 'Terena (São Pedro)'),
('\'07\'', 'Évora', 'Alandroal', 'União das freguesias de Alandroal (Nossa Senhora da Conceição), São Brás dos Matos (Mina do Bugalho) e Juromenha (Nossa Senhora do Loreto)'),
('\'07\'', 'Évora', 'Arraiolos', 'Arraiolos'),
('\'07\'', 'Évora', 'Arraiolos', 'Igrejinha'),
('\'07\'', 'Évora', 'Arraiolos', 'Vimieiro'),
('\'07\'', 'Évora', 'Arraiolos', 'União das freguesias de Gafanhoeira (São Pedro) e Sabugueiro'),
('\'07\'', 'Évora', 'Arraiolos', 'União das freguesias de São Gregório e Santa Justa'),
('\'07\'', 'Évora', 'Borba', 'Borba (Matriz)'),
('\'07\'', 'Évora', 'Borba', 'Orada'),
('\'07\'', 'Évora', 'Borba', 'Rio de Moinhos'),
('\'07\'', 'Évora', 'Borba', 'Borba (São Bartolomeu)'),
('\'07\'', 'Évora', 'Estremoz', 'Arcos'),
('\'07\'', 'Évora', 'Estremoz', 'Glória'),
('\'07\'', 'Évora', 'Estremoz', 'Évora Monte (Santa Maria)'),
('\'07\'', 'Évora', 'Estremoz', 'São Domingos de Ana Loura'),
('\'07\'', 'Évora', 'Estremoz', 'Veiros'),
('\'07\'', 'Évora', 'Estremoz', 'União das freguesias de Estremoz (Santa Maria e Santo André)'),
('\'07\'', 'Évora', 'Estremoz', 'União das freguesias de São Bento do Cortiço e Santo Estêvão'),
('\'07\'', 'Évora', 'Estremoz', 'União das freguesias de São Lourenço de Mamporcão e São Bento de Ana Loura'),
('\'07\'', 'Évora', 'Estremoz', 'União das freguesias do Ameixial (Santa Vitória e São Bento)'),
('\'07\'', 'Évora', 'Évora', 'Nossa Senhora da Graça do Divor'),
('\'07\'', 'Évora', 'Évora', 'Nossa Senhora de Machede'),
('\'07\'', 'Évora', 'Évora', 'São Bento do Mato'),
('\'07\'', 'Évora', 'Évora', 'São Miguel de Machede'),
('\'07\'', 'Évora', 'Évora', 'Torre de Coelheiros'),
('\'07\'', 'Évora', 'Évora', 'Canaviais'),
('\'07\'', 'Évora', 'Évora', 'União das freguesias de Bacelo e Senhora da Saúde'),
('\'07\'', 'Évora', 'Évora', 'União das freguesias de Évora (São Mamede, Sé, São Pedro e Santo Antão)'),
('\'07\'', 'Évora', 'Évora', 'União das freguesias de Malagueira e Horta das Figueiras'),
('\'07\'', 'Évora', 'Évora', 'União das freguesias de Nossa Senhora da Tourega e Nossa Senhora de Guadalupe'),
('\'07\'', 'Évora', 'Évora', 'União das freguesias de São Manços e São Vicente do Pigeiro'),
('\'07\'', 'Évora', 'Évora', 'União das freguesias de São Sebastião da Giesteira e Nossa Senhora da Boa Fé'),
('\'07\'', 'Évora', 'Montemor-o-Novo', 'Cabrela'),
('\'07\'', 'Évora', 'Montemor-o-Novo', 'Santiago do Escoural'),
('\'07\'', 'Évora', 'Montemor-o-Novo', 'São Cristóvão'),
('\'07\'', 'Évora', 'Montemor-o-Novo', 'Ciborro'),
('\'07\'', 'Évora', 'Montemor-o-Novo', 'Foros de Vale de Figueira'),
('\'07\'', 'Évora', 'Montemor-o-Novo', 'União das freguesias de Cortiçadas de Lavre e Lavre'),
('\'07\'', 'Évora', 'Montemor-o-Novo', 'União das freguesias de Nossa Senhora da Vila, Nossa Senhora do Bispo e Silveiras'),
('\'07\'', 'Évora', 'Mora', 'Brotas'),
('\'07\'', 'Évora', 'Mora', 'Cabeção'),
('\'07\'', 'Évora', 'Mora', 'Mora'),
('\'07\'', 'Évora', 'Mora', 'Pavia'),
('\'07\'', 'Évora', 'Mourão', 'Granja'),
('\'07\'', 'Évora', 'Mourão', 'Luz'),
('\'07\'', 'Évora', 'Mourão', 'Mourão'),
('\'07\'', 'Évora', 'Portel', 'Monte do Trigo'),
('\'07\'', 'Évora', 'Portel', 'Portel'),
('\'07\'', 'Évora', 'Portel', 'Santana'),
('\'07\'', 'Évora', 'Portel', 'Vera Cruz'),
('\'07\'', 'Évora', 'Portel', 'União das freguesias de Amieira e Alqueva'),
('\'07\'', 'Évora', 'Portel', 'União das freguesias de São Bartolomeu do Outeiro e Oriola'),
('\'07\'', 'Évora', 'Redondo', 'Montoito'),
('\'07\'', 'Évora', 'Redondo', 'Redondo'),
('\'07\'', 'Évora', 'Reguengos de Monsaraz', 'Corval'),
('\'07\'', 'Évora', 'Reguengos de Monsaraz', 'Monsaraz'),
('\'07\'', 'Évora', 'Reguengos de Monsaraz', 'Reguengos de Monsaraz'),
('\'07\'', 'Évora', 'Reguengos de Monsaraz', 'União das freguesias de Campo e Campinho'),
('\'07\'', 'Évora', 'Vendas Novas', 'Vendas Novas'),
('\'07\'', 'Évora', 'Vendas Novas', 'Landeira'),
('\'07\'', 'Évora', 'Viana do Alentejo', 'Alcáçovas'),
('\'07\'', 'Évora', 'Viana do Alentejo', 'Viana do Alentejo'),
('\'07\'', 'Évora', 'Viana do Alentejo', 'Aguiar'),
('\'07\'', 'Évora', 'Vila Viçosa', 'Bencatel'),
('\'07\'', 'Évora', 'Vila Viçosa', 'Ciladas'),
('\'07\'', 'Évora', 'Vila Viçosa', 'Pardais'),
('\'07\'', 'Évora', 'Vila Viçosa', 'Nossa Senhora da Conceição e São Bartolomeu'),
('\'08\'', 'Faro', 'Albufeira', 'Guia'),
('\'08\'', 'Faro', 'Albufeira', 'Paderne'),
('\'08\'', 'Faro', 'Albufeira', 'Ferreiras'),
('\'08\'', 'Faro', 'Albufeira', 'Albufeira e Olhos de Água'),
('\'08\'', 'Faro', 'Alcoutim', 'Giões'),
('\'08\'', 'Faro', 'Alcoutim', 'Martim Longo'),
('\'08\'', 'Faro', 'Alcoutim', 'Vaqueiros'),
('\'08\'', 'Faro', 'Alcoutim', 'União das freguesias de Alcoutim e Pereiro'),
('\'08\'', 'Faro', 'Aljezur', 'Aljezur'),
('\'08\'', 'Faro', 'Aljezur', 'Bordeira'),
('\'08\'', 'Faro', 'Aljezur', 'Odeceixe'),
('\'08\'', 'Faro', 'Aljezur', 'Rogil'),
('\'08\'', 'Faro', 'Castro Marim', 'Azinhal'),
('\'08\'', 'Faro', 'Castro Marim', 'Castro Marim'),
('\'08\'', 'Faro', 'Castro Marim', 'Odeleite'),
('\'08\'', 'Faro', 'Castro Marim', 'Altura'),
('\'08\'', 'Faro', 'Faro', 'Santa Bárbara de Nexe'),
('\'08\'', 'Faro', 'Faro', 'Montenegro'),
('\'08\'', 'Faro', 'Faro', 'União das freguesias de Conceição e Estoi'),
('\'08\'', 'Faro', 'Faro', 'União das freguesias de Faro (Sé e São Pedro)'),
('\'08\'', 'Faro', 'Lagoa', 'Ferragudo'),
('\'08\'', 'Faro', 'Lagoa', 'Porches'),
('\'08\'', 'Faro', 'Lagoa', 'União das freguesias de Estômbar e Parchal'),
('\'08\'', 'Faro', 'Lagoa', 'União das freguesias de Lagoa e Carvoeiro'),
('\'08\'', 'Faro', 'Lagos', 'Luz'),
('\'08\'', 'Faro', 'Lagos', 'Odiáxere'),
('\'08\'', 'Faro', 'Lagos', 'União das freguesias de Bensafrim e Barão de São João'),
('\'08\'', 'Faro', 'Lagos', 'União das freguesias de Lagos (São Sebastião e Santa Maria)'),
('\'08\'', 'Faro', 'Loulé', 'Almancil'),
('\'08\'', 'Faro', 'Loulé', 'Alte'),
('\'08\'', 'Faro', 'Loulé', 'Ameixial'),
('\'08\'', 'Faro', 'Loulé', 'Boliqueime'),
('\'08\'', 'Faro', 'Loulé', 'Quarteira'),
('\'08\'', 'Faro', 'Loulé', 'Salir'),
('\'08\'', 'Faro', 'Loulé', 'Loulé (São Clemente)'),
('\'08\'', 'Faro', 'Loulé', 'Loulé (São Sebastião)'),
('\'08\'', 'Faro', 'Loulé', 'União de freguesias de Querença, Tôr e Benafim'),
('\'08\'', 'Faro', 'Monchique', 'Alferce'),
('\'08\'', 'Faro', 'Monchique', 'Marmelete'),
('\'08\'', 'Faro', 'Monchique', 'Monchique'),
('\'08\'', 'Faro', 'Olhão', 'Olhão'),
('\'08\'', 'Faro', 'Olhão', 'Pechão'),
('\'08\'', 'Faro', 'Olhão', 'Quelfes'),
('\'08\'', 'Faro', 'Olhão', 'União das freguesias de Moncarapacho e Fuseta'),
('\'08\'', 'Faro', 'Portimão', 'Alvor'),
('\'08\'', 'Faro', 'Portimão', 'Mexilhoeira Grande'),
('\'08\'', 'Faro', 'Portimão', 'Portimão'),
('\'08\'', 'Faro', 'São Brás de Alportel', 'São Brás de Alportel'),
('\'08\'', 'Faro', 'Silves', 'Armação de Pêra'),
('\'08\'', 'Faro', 'Silves', 'São Bartolomeu de Messines'),
('\'08\'', 'Faro', 'Silves', 'São Marcos da Serra'),
('\'08\'', 'Faro', 'Silves', 'Silves'),
('\'08\'', 'Faro', 'Silves', 'União das freguesias de Alcantarilha e Pêra'),
('\'08\'', 'Faro', 'Silves', 'União das freguesias de Algoz e Tunes'),
('\'08\'', 'Faro', 'Tavira', 'Cachopo'),
('\'08\'', 'Faro', 'Tavira', 'Santa Catarina da Fonte do Bispo'),
('\'08\'', 'Faro', 'Tavira', 'Santa Luzia'),
('\'08\'', 'Faro', 'Tavira', 'União das freguesias de Conceição e Cabanas de Tavira'),
('\'08\'', 'Faro', 'Tavira', 'União das freguesias de Luz de Tavira e Santo Estêvão'),
('\'08\'', 'Faro', 'Tavira', 'União das freguesias de Tavira (Santa Maria e Santiago)'),
('\'08\'', 'Faro', 'Vila do Bispo', 'Barão de São Miguel'),
('\'08\'', 'Faro', 'Vila do Bispo', 'Budens'),
('\'08\'', 'Faro', 'Vila do Bispo', 'Sagres'),
('\'08\'', 'Faro', 'Vila do Bispo', 'Vila do Bispo e Raposeira'),
('\'08\'', 'Faro', 'Vila Real de Santo António', 'Vila Nova de Cacela'),
('\'08\'', 'Faro', 'Vila Real de Santo António', 'Vila Real de Santo António'),
('\'08\'', 'Faro', 'Vila Real de Santo António', 'Monte Gordo'),
('\'09\'', 'Guarda', 'Aguiar da Beira', 'Carapito'),
('\'09\'', 'Guarda', 'Aguiar da Beira', 'Cortiçada'),
('\'09\'', 'Guarda', 'Aguiar da Beira', 'Dornelas'),
('\'09\'', 'Guarda', 'Aguiar da Beira', 'Eirado'),
('\'09\'', 'Guarda', 'Aguiar da Beira', 'Forninhos'),
('\'09\'', 'Guarda', 'Aguiar da Beira', 'Pena Verde'),
('\'09\'', 'Guarda', 'Aguiar da Beira', 'Pinheiro'),
('\'09\'', 'Guarda', 'Aguiar da Beira', 'União das freguesias de Aguiar da Beira e Coruche'),
('\'09\'', 'Guarda', 'Aguiar da Beira', 'União das freguesias de Sequeiros e Gradiz'),
('\'09\'', 'Guarda', 'Aguiar da Beira', 'União das freguesias de Souto de Aguiar da Beira e Valverde'),
('\'09\'', 'Guarda', 'Almeida', 'Almeida'),
('\'09\'', 'Guarda', 'Almeida', 'Castelo Bom'),
('\'09\'', 'Guarda', 'Almeida', 'Freineda'),
('\'09\'', 'Guarda', 'Almeida', 'Freixo'),
('\'09\'', 'Guarda', 'Almeida', 'Malhada Sorda'),
('\'09\'', 'Guarda', 'Almeida', 'Nave de Haver'),
('\'09\'', 'Guarda', 'Almeida', 'São Pedro de Rio Seco'),
('\'09\'', 'Guarda', 'Almeida', 'Vale da Mula'),
('\'09\'', 'Guarda', 'Almeida', 'Vilar Formoso'),
('\'09\'', 'Guarda', 'Almeida', 'União das freguesias de Amoreira, Parada e Cabreira'),
('\'09\'', 'Guarda', 'Almeida', 'União das freguesias de Azinhal, Peva e Valverde'),
('\'09\'', 'Guarda', 'Almeida', 'União das freguesias de Castelo Mendo, Ade, Monteperobolso e Mesquitela'),
('\'09\'', 'Guarda', 'Almeida', 'União das freguesias de Junça e Naves'),
('\'09\'', 'Guarda', 'Almeida', 'União das freguesias de Leomil, Mido, Senouras e Aldeia Nova'),
('\'09\'', 'Guarda', 'Almeida', 'União das freguesias de Malpartida e Vale de Coelha'),
('\'09\'', 'Guarda', 'Almeida', 'União das freguesias de Miuzela e Porto de Ovelha'),
('\'09\'', 'Guarda', 'Celorico da Beira', 'Baraçal'),
('\'09\'', 'Guarda', 'Celorico da Beira', 'Carrapichana'),
('\'09\'', 'Guarda', 'Celorico da Beira', 'Forno Telheiro'),
('\'09\'', 'Guarda', 'Celorico da Beira', 'Lajeosa do Mondego'),
('\'09\'', 'Guarda', 'Celorico da Beira', 'Linhares'),
('\'09\'', 'Guarda', 'Celorico da Beira', 'Maçal do Chão'),
('\'09\'', 'Guarda', 'Celorico da Beira', 'Mesquitela'),
('\'09\'', 'Guarda', 'Celorico da Beira', 'Minhocal'),
('\'09\'', 'Guarda', 'Celorico da Beira', 'Prados'),
('\'09\'', 'Guarda', 'Celorico da Beira', 'Ratoeira'),
('\'09\'', 'Guarda', 'Celorico da Beira', 'Vale de Azares'),
('\'09\'', 'Guarda', 'Celorico da Beira', 'Casas do Soeiro'),
('\'09\'', 'Guarda', 'Celorico da Beira', 'União das freguesias de Açores e Velosa'),
('\'09\'', 'Guarda', 'Celorico da Beira', 'União das freguesias de Celorico (São Pedro e Santa Maria) e Vila Boa do Mondego'),
('\'09\'', 'Guarda', 'Celorico da Beira', 'União das freguesias de Cortiçô da Serra, Vide entre Vinhas e Salgueirais'),
('\'09\'', 'Guarda', 'Celorico da Beira', 'União das freguesias de Rapa e Cadafaz'),
('\'09\'', 'Guarda', 'Figueira de Castelo Rodrigo', 'Castelo Rodrigo'),
('\'09\'', 'Guarda', 'Figueira de Castelo Rodrigo', 'Escalhão'),
('\'09\'', 'Guarda', 'Figueira de Castelo Rodrigo', 'Figueira de Castelo Rodrigo'),
('\'09\'', 'Guarda', 'Figueira de Castelo Rodrigo', 'Mata de Lobos'),
('\'09\'', 'Guarda', 'Figueira de Castelo Rodrigo', 'Vermiosa'),
('\'09\'', 'Guarda', 'Figueira de Castelo Rodrigo', 'União das freguesias de Algodres, Vale de Afonsinho e Vilar de Amargo'),
('\'09\'', 'Guarda', 'Figueira de Castelo Rodrigo', 'União das freguesias de Almofala e Escarigo'),
('\'09\'', 'Guarda', 'Figueira de Castelo Rodrigo', 'União das freguesias de Cinco Vilas e Reigada'),
('\'09\'', 'Guarda', 'Figueira de Castelo Rodrigo', 'União das freguesias de Freixeda do Torrão, Quintã de Pêro Martins e Penha de Águia'),
('\'09\'', 'Guarda', 'Figueira de Castelo Rodrigo', 'União das freguesias do Colmeal e Vilar Torpim'),
('\'09\'', 'Guarda', 'Fornos de Algodres', 'Algodres'),
('\'09\'', 'Guarda', 'Fornos de Algodres', 'Casal Vasco'),
('\'09\'', 'Guarda', 'Fornos de Algodres', 'Figueiró da Granja'),
('\'09\'', 'Guarda', 'Fornos de Algodres', 'Fornos de Algodres'),
('\'09\'', 'Guarda', 'Fornos de Algodres', 'Infias'),
('\'09\'', 'Guarda', 'Fornos de Algodres', 'Maceira'),
('\'09\'', 'Guarda', 'Fornos de Algodres', 'Matança'),
('\'09\'', 'Guarda', 'Fornos de Algodres', 'Muxagata'),
('\'09\'', 'Guarda', 'Fornos de Algodres', 'Queiriz'),
('\'09\'', 'Guarda', 'Fornos de Algodres', 'União das freguesias de Cortiçô e Vila Chã'),
('\'09\'', 'Guarda', 'Fornos de Algodres', 'União das freguesias de Juncais, Vila Ruiva e Vila Soeiro do Chão'),
('\'09\'', 'Guarda', 'Fornos de Algodres', 'União das freguesias de Sobral Pichorro e Fuinhas'),
('\'09\'', 'Guarda', 'Gouveia', 'Arcozelo'),
('\'09\'', 'Guarda', 'Gouveia', 'Cativelos'),
('\'09\'', 'Guarda', 'Gouveia', 'Folgosinho'),
('\'09\'', 'Guarda', 'Gouveia', 'Nespereira'),
('\'09\'', 'Guarda', 'Gouveia', 'Paços da Serra'),
('\'09\'', 'Guarda', 'Gouveia', 'Ribamondego'),
('\'09\'', 'Guarda', 'Gouveia', 'São Paio'),
('\'09\'', 'Guarda', 'Gouveia', 'Vila Cortês da Serra'),
('\'09\'', 'Guarda', 'Gouveia', 'Vila Franca da Serra'),
('\'09\'', 'Guarda', 'Gouveia', 'Vila Nova de Tazem'),
('\'09\'', 'Guarda', 'Gouveia', 'União das freguesias de Aldeias e Mangualde da Serra'),
('\'09\'', 'Guarda', 'Gouveia', 'União das freguesias de Figueiró da Serra e Freixo da Serra'),
('\'09\'', 'Guarda', 'Gouveia', 'União das freguesias de Gouveia (São Pedro e São Julião)'),
('\'09\'', 'Guarda', 'Gouveia', 'União das freguesias de Melo e Nabais'),
('\'09\'', 'Guarda', 'Gouveia', 'União das freguesias de Moimenta da Serra e Vinhó'),
('\'09\'', 'Guarda', 'Gouveia', 'União das freguesias de Rio Torto e Lagarinhos'),
('\'09\'', 'Guarda', 'Guarda', 'Aldeia do Bispo'),
('\'09\'', 'Guarda', 'Guarda', 'Aldeia Viçosa'),
('\'09\'', 'Guarda', 'Guarda', 'Alvendre'),
('\'09\'', 'Guarda', 'Guarda', 'Arrifana'),
('\'09\'', 'Guarda', 'Guarda', 'Avelãs da Ribeira'),
('\'09\'', 'Guarda', 'Guarda', 'Benespera'),
('\'09\'', 'Guarda', 'Guarda', 'Casal de Cinza'),
('\'09\'', 'Guarda', 'Guarda', 'Castanheira'),
('\'09\'', 'Guarda', 'Guarda', 'Cavadoude'),
('\'09\'', 'Guarda', 'Guarda', 'Codesseiro'),
('\'09\'', 'Guarda', 'Guarda', 'Faia'),
('\'09\'', 'Guarda', 'Guarda', 'Famalicão'),
('\'09\'', 'Guarda', 'Guarda', 'Fernão Joanes'),
('\'09\'', 'Guarda', 'Guarda', 'Gonçalo Bocas'),
('\'09\'', 'Guarda', 'Guarda', 'João Antão'),
('\'09\'', 'Guarda', 'Guarda', 'Maçainhas'),
('\'09\'', 'Guarda', 'Guarda', 'Marmeleiro'),
('\'09\'', 'Guarda', 'Guarda', 'Meios'),
('\'09\'', 'Guarda', 'Guarda', 'Panoias de Cima'),
('\'09\'', 'Guarda', 'Guarda', 'Pega'),
('\'09\'', 'Guarda', 'Guarda', 'Pêra do Moço'),
('\'09\'', 'Guarda', 'Guarda', 'Porto da Carne'),
('\'09\'', 'Guarda', 'Guarda', 'Ramela'),
('\'09\'', 'Guarda', 'Guarda', 'Santana da Azinha'),
('\'09\'', 'Guarda', 'Guarda', 'Sobral da Serra'),
('\'09\'', 'Guarda', 'Guarda', 'Vale de Estrela'),
('\'09\'', 'Guarda', 'Guarda', 'Valhelhas'),
('\'09\'', 'Guarda', 'Guarda', 'Vela'),
('\'09\'', 'Guarda', 'Guarda', 'Videmonte'),
('\'09\'', 'Guarda', 'Guarda', 'Vila Cortês do Mondego'),
('\'09\'', 'Guarda', 'Guarda', 'Vila Fernando'),
('\'09\'', 'Guarda', 'Guarda', 'Vila Franca do Deão'),
('\'09\'', 'Guarda', 'Guarda', 'Vila Garcia'),
('\'09\'', 'Guarda', 'Guarda', 'Gonçalo'),
('\'09\'', 'Guarda', 'Guarda', 'Guarda'),
('\'09\'', 'Guarda', 'Guarda', 'Jarmelo São Miguel'),
('\'09\'', 'Guarda', 'Guarda', 'Jarmelo São Pedro'),
('\'09\'', 'Guarda', 'Guarda', 'União de freguesias de Avelãs de Ambom e Rocamondo'),
('\'09\'', 'Guarda', 'Guarda', 'União de freguesias de Corujeira e Trinta'),
('\'09\'', 'Guarda', 'Guarda', 'União de freguesias de Mizarela, Pêro Soares e Vila Soeiro'),
('\'09\'', 'Guarda', 'Guarda', 'União de freguesias de Pousade e Albardo'),
('\'09\'', 'Guarda', 'Guarda', 'União de freguesias de Rochoso e Monte Margarida'),
('\'09\'', 'Guarda', 'Guarda', 'Adão'),
('\'09\'', 'Guarda', 'Manteigas', 'Sameiro'),
('\'09\'', 'Guarda', 'Manteigas', 'Manteigas (Santa Maria)'),
('\'09\'', 'Guarda', 'Manteigas', 'Manteigas (São Pedro)'),
('\'09\'', 'Guarda', 'Manteigas', 'Vale de Amoreira'),
('\'09\'', 'Guarda', 'Mêda', 'Aveloso'),
('\'09\'', 'Guarda', 'Mêda', 'Barreira'),
('\'09\'', 'Guarda', 'Mêda', 'Coriscada'),
('\'09\'', 'Guarda', 'Mêda', 'Longroiva'),
('\'09\'', 'Guarda', 'Mêda', 'Marialva'),
('\'09\'', 'Guarda', 'Mêda', 'Poço do Canto'),
('\'09\'', 'Guarda', 'Mêda', 'Rabaçal'),
('\'09\'', 'Guarda', 'Mêda', 'Ranhados'),
('\'09\'', 'Guarda', 'Mêda', 'União das freguesias de Mêda, Outeiro de Gatos e Fonte Longa'),
('\'09\'', 'Guarda', 'Mêda', 'União das freguesias de Prova e Casteição'),
('\'09\'', 'Guarda', 'Mêda', 'União das freguesias de Vale Flor, Carvalhal e Pai Penela'),
('\'09\'', 'Guarda', 'Pinhel', 'Ervedosa'),
('\'09\'', 'Guarda', 'Pinhel', 'Freixedas'),
('\'09\'', 'Guarda', 'Pinhel', 'Lamegal'),
('\'09\'', 'Guarda', 'Pinhel', 'Lameiras'),
('\'09\'', 'Guarda', 'Pinhel', 'Manigoto'),
('\'09\'', 'Guarda', 'Pinhel', 'Pala'),
('\'09\'', 'Guarda', 'Pinhel', 'Pinhel'),
('\'09\'', 'Guarda', 'Pinhel', 'Pínzio'),
('\'09\'', 'Guarda', 'Pinhel', 'Souro Pires'),
('\'09\'', 'Guarda', 'Pinhel', 'Vascoveiro'),
('\'09\'', 'Guarda', 'Pinhel', 'Agregação das freguesias Sul de Pinhel'),
('\'09\'', 'Guarda', 'Pinhel', 'Alverca da Beira/Bouça Cova'),
('\'09\'', 'Guarda', 'Pinhel', 'Terras de Massueime'),
('\'09\'', 'Guarda', 'Pinhel', 'Valbom/Bogalhal'),
('\'09\'', 'Guarda', 'Pinhel', 'Alto do Palurdo'),
('\'09\'', 'Guarda', 'Pinhel', 'Vale do Côa'),
('\'09\'', 'Guarda', 'Pinhel', 'Vale do Massueime'),
('\'09\'', 'Guarda', 'Pinhel', 'União das freguesias de Atalaia e Safurdão'),
('\'09\'', 'Guarda', 'Sabugal', 'Águas Belas'),
('\'09\'', 'Guarda', 'Sabugal', 'Aldeia do Bispo'),
('\'09\'', 'Guarda', 'Sabugal', 'Aldeia da Ponte'),
('\'09\'', 'Guarda', 'Sabugal', 'Aldeia Velha'),
('\'09\'', 'Guarda', 'Sabugal', 'Alfaiates'),
('\'09\'', 'Guarda', 'Sabugal', 'Baraçal'),
('\'09\'', 'Guarda', 'Sabugal', 'Bendada'),
('\'09\'', 'Guarda', 'Sabugal', 'Bismula'),
('\'09\'', 'Guarda', 'Sabugal', 'Casteleiro'),
('\'09\'', 'Guarda', 'Sabugal', 'Cerdeira'),
('\'09\'', 'Guarda', 'Sabugal', 'Fóios'),
('\'09\'', 'Guarda', 'Sabugal', 'Malcata'),
('\'09\'', 'Guarda', 'Sabugal', 'Nave'),
('\'09\'', 'Guarda', 'Sabugal', 'Quadrazais'),
('\'09\'', 'Guarda', 'Sabugal', 'Quintas de São Bartolomeu'),
('\'09\'', 'Guarda', 'Sabugal', 'Rapoula do Côa'),
('\'09\'', 'Guarda', 'Sabugal', 'Rebolosa'),
('\'09\'', 'Guarda', 'Sabugal', 'Rendo'),
('\'09\'', 'Guarda', 'Sabugal', 'Sortelha'),
('\'09\'', 'Guarda', 'Sabugal', 'Souto'),
('\'09\'', 'Guarda', 'Sabugal', 'Vale de Espinho'),
('\'09\'', 'Guarda', 'Sabugal', 'Vila Boa'),
('\'09\'', 'Guarda', 'Sabugal', 'Vila do Touro'),
('\'09\'', 'Guarda', 'Sabugal', 'União das freguesias de Aldeia da Ribeira, Vilar Maior e Badamalos'),
('\'09\'', 'Guarda', 'Sabugal', 'União das freguesias de Lajeosa e Forcalhos'),
('\'09\'', 'Guarda', 'Sabugal', 'União das freguesias de Pousafoles do Bispo, Pena Lobo e Lomba'),
('\'09\'', 'Guarda', 'Sabugal', 'União das freguesias de Ruvina, Ruivós e Vale das Éguas'),
('\'09\'', 'Guarda', 'Sabugal', 'União das freguesias do Sabugal e Aldeia de Santo António'),
('\'09\'', 'Guarda', 'Sabugal', 'União das freguesias de Santo Estêvão e Moita'),
('\'09\'', 'Guarda', 'Sabugal', 'União das freguesias de Seixo do Côa e Vale Longo'),
('\'09\'', 'Guarda', 'Seia', 'Alvoco da Serra'),
('\'09\'', 'Guarda', 'Seia', 'Girabolhos'),
('\'09\'', 'Guarda', 'Seia', 'Loriga'),
('\'09\'', 'Guarda', 'Seia', 'Paranhos'),
('\'09\'', 'Guarda', 'Seia', 'Pinhanços'),
('\'09\'', 'Guarda', 'Seia', 'Sabugueiro'),
('\'09\'', 'Guarda', 'Seia', 'Sandomil'),
('\'09\'', 'Guarda', 'Seia', 'Santa Comba'),
('\'09\'', 'Guarda', 'Seia', 'Santiago'),
('\'09\'', 'Guarda', 'Seia', 'Sazes da Beira'),
('\'09\'', 'Guarda', 'Seia', 'Teixeira'),
('\'09\'', 'Guarda', 'Seia', 'Travancinha'),
('\'09\'', 'Guarda', 'Seia', 'Valezim'),
('\'09\'', 'Guarda', 'Seia', 'Vila Cova à Coelheira'),
('\'09\'', 'Guarda', 'Seia', 'União das freguesias de Carragozela e Várzea de Meruge'),
('\'09\'', 'Guarda', 'Seia', 'União das freguesias de Sameice e Santa Eulália'),
('\'09\'', 'Guarda', 'Seia', 'União das freguesias de Santa Marinha e São Martinho'),
('\'09\'', 'Guarda', 'Seia', 'União das freguesias de Seia, São Romão e Lapa dos Dinheiros'),
('\'09\'', 'Guarda', 'Seia', 'União das freguesias de Torrozelo e Folhadosa'),
('\'09\'', 'Guarda', 'Seia', 'União das freguesias de Tourais e Lajes'),
('\'09\'', 'Guarda', 'Seia', 'União das freguesias de Vide e Cabeça'),
('\'09\'', 'Guarda', 'Trancoso', 'Aldeia Nova'),
('\'09\'', 'Guarda', 'Trancoso', 'Castanheira'),
('\'09\'', 'Guarda', 'Trancoso', 'Cogula'),
('\'09\'', 'Guarda', 'Trancoso', 'Cótimos'),
('\'09\'', 'Guarda', 'Trancoso', 'Fiães'),
('\'09\'', 'Guarda', 'Trancoso', 'Granja'),
('\'09\'', 'Guarda', 'Trancoso', 'Guilheiro'),
('\'09\'', 'Guarda', 'Trancoso', 'Moimentinha'),
('\'09\'', 'Guarda', 'Trancoso', 'Moreira de Rei'),
('\'09\'', 'Guarda', 'Trancoso', 'Palhais'),
('\'09\'', 'Guarda', 'Trancoso', 'Póvoa do Concelho'),
('\'09\'', 'Guarda', 'Trancoso', 'Reboleiro'),
('\'09\'', 'Guarda', 'Trancoso', 'Rio de Mel'),
('\'09\'', 'Guarda', 'Trancoso', 'Tamanhos'),
('\'09\'', 'Guarda', 'Trancoso', 'Valdujo'),
('\'09\'', 'Guarda', 'Trancoso', 'União das freguesias de Freches e Torres'),
('\'09\'', 'Guarda', 'Trancoso', 'União das freguesias de Torre do Terrenho, Sebadelhe da Serra e Terrenho'),
('\'09\'', 'Guarda', 'Trancoso', 'União das freguesias de Trancoso (São Pedro e Santa Maria) e Souto Maior'),
('\'09\'', 'Guarda', 'Trancoso', 'União das freguesias de Vale do Seixo e Vila Garcia'),
('\'09\'', 'Guarda', 'Trancoso', 'União das freguesias de Vila Franca das Naves e Feital'),
('\'09\'', 'Guarda', 'Trancoso', 'União das freguesias de Vilares e Carnicães'),
('\'09\'', 'Guarda', 'Vila Nova de Foz Côa', 'Almendra'),
('\'09\'', 'Guarda', 'Vila Nova de Foz Côa', 'Castelo Melhor'),
('\'09\'', 'Guarda', 'Vila Nova de Foz Côa', 'Cedovim'),
('\'09\'', 'Guarda', 'Vila Nova de Foz Côa', 'Chãs'),
('\'09\'', 'Guarda', 'Vila Nova de Foz Côa', 'Custóias'),
('\'09\'', 'Guarda', 'Vila Nova de Foz Côa', 'Horta'),
('\'09\'', 'Guarda', 'Vila Nova de Foz Côa', 'Muxagata'),
('\'09\'', 'Guarda', 'Vila Nova de Foz Côa', 'Numão'),
('\'09\'', 'Guarda', 'Vila Nova de Foz Côa', 'Santa Comba'),
('\'09\'', 'Guarda', 'Vila Nova de Foz Côa', 'Sebadelhe'),
('\'09\'', 'Guarda', 'Vila Nova de Foz Côa', 'Seixas'),
('\'09\'', 'Guarda', 'Vila Nova de Foz Côa', 'Touça'),
('\'09\'', 'Guarda', 'Vila Nova de Foz Côa', 'Freixo de Numão'),
('\'09\'', 'Guarda', 'Vila Nova de Foz Côa', 'Vila Nova de Foz Côa'),
('\'10\'', 'Leiria', 'Alcobaça', 'Alfeizerão'),
('\'10\'', 'Leiria', 'Alcobaça', 'Bárrio'),
('\'10\'', 'Leiria', 'Alcobaça', 'Benedita'),
('\'10\'', 'Leiria', 'Alcobaça', 'Cela'),
('\'10\'', 'Leiria', 'Alcobaça', 'Évora de Alcobaça'),
('\'10\'', 'Leiria', 'Alcobaça', 'Maiorga'),
('\'10\'', 'Leiria', 'Alcobaça', 'São Martinho do Porto'),
('\'10\'', 'Leiria', 'Alcobaça', 'Turquel'),
('\'10\'', 'Leiria', 'Alcobaça', 'Vimeiro'),
('\'10\'', 'Leiria', 'Alcobaça', 'Aljubarrota'),
('\'10\'', 'Leiria', 'Alcobaça', 'União das freguesias de Alcobaça e Vestiaria'),
('\'10\'', 'Leiria', 'Alcobaça', 'União das freguesias de Coz, Alpedriz e Montes'),
('\'10\'', 'Leiria', 'Alcobaça', 'União das freguesias de Pataias e Martingança'),
('\'10\'', 'Leiria', 'Alvaiázere', 'Almoster'),
('\'10\'', 'Leiria', 'Alvaiázere', 'Maçãs de Dona Maria'),
('\'10\'', 'Leiria', 'Alvaiázere', 'Pelmá'),
('\'10\'', 'Leiria', 'Alvaiázere', 'Alvaiázere'),
('\'10\'', 'Leiria', 'Alvaiázere', 'Pussos São Pedro'),
('\'10\'', 'Leiria', 'Ansião', 'Alvorge'),
('\'10\'', 'Leiria', 'Ansião', 'Avelar'),
('\'10\'', 'Leiria', 'Ansião', 'Chão de Couce'),
('\'10\'', 'Leiria', 'Ansião', 'Pousaflores'),
('\'10\'', 'Leiria', 'Ansião', 'Santiago da Guarda'),
('\'10\'', 'Leiria', 'Ansião', 'Ansião'),
('\'10\'', 'Leiria', 'Batalha', 'Batalha'),
('\'10\'', 'Leiria', 'Batalha', 'Reguengo do Fetal'),
('\'10\'', 'Leiria', 'Batalha', 'São Mamede'),
('\'10\'', 'Leiria', 'Batalha', 'Golpilheira'),
('\'10\'', 'Leiria', 'Bombarral', 'Carvalhal'),
('\'10\'', 'Leiria', 'Bombarral', 'Roliça'),
('\'10\'', 'Leiria', 'Bombarral', 'Pó'),
('\'10\'', 'Leiria', 'Bombarral', 'União das freguesias do Bombarral e Vale Covo'),
('\'10\'', 'Leiria', 'Caldas da Rainha', 'A dos Francos'),
('\'10\'', 'Leiria', 'Caldas da Rainha', 'Alvorninha'),
('\'10\'', 'Leiria', 'Caldas da Rainha', 'Carvalhal Benfeito'),
('\'10\'', 'Leiria', 'Caldas da Rainha', 'Foz do Arelho'),
('\'10\'', 'Leiria', 'Caldas da Rainha', 'Landal'),
('\'10\'', 'Leiria', 'Caldas da Rainha', 'Nadadouro'),
('\'10\'', 'Leiria', 'Caldas da Rainha', 'Salir de Matos'),
('\'10\'', 'Leiria', 'Caldas da Rainha', 'Santa Catarina'),
('\'10\'', 'Leiria', 'Caldas da Rainha', 'Vidais'),
('\'10\'', 'Leiria', 'Caldas da Rainha', 'União das freguesias de Caldas da Rainha - Nossa Senhora do Pópulo, Coto e São Gregório'),
('\'10\'', 'Leiria', 'Caldas da Rainha', 'União das freguesias de Caldas da Rainha - Santo Onofre e Serra do Bouro'),
('\'10\'', 'Leiria', 'Caldas da Rainha', 'União das freguesias de Tornada e Salir do Porto'),
('\'10\'', 'Leiria', 'Castanheira de Pêra', 'União das freguesias de Castanheira de Pêra e Coentral'),
('\'10\'', 'Leiria', 'Figueiró dos Vinhos', 'Aguda'),
('\'10\'', 'Leiria', 'Figueiró dos Vinhos', 'Arega'),
('\'10\'', 'Leiria', 'Figueiró dos Vinhos', 'Campelo'),
('\'10\'', 'Leiria', 'Figueiró dos Vinhos', 'União das freguesias de Figueiró dos Vinhos e Bairradas'),
('\'10\'', 'Leiria', 'Leiria', 'Amor'),
('\'10\'', 'Leiria', 'Leiria', 'Arrabal'),
('\'10\'', 'Leiria', 'Leiria', 'Caranguejeira'),
('\'10\'', 'Leiria', 'Leiria', 'Coimbrão'),
('\'10\'', 'Leiria', 'Leiria', 'Maceira'),
('\'10\'', 'Leiria', 'Leiria', 'Milagres'),
('\'10\'', 'Leiria', 'Leiria', 'Regueira de Pontes'),
('\'10\'', 'Leiria', 'Leiria', 'Bajouca'),
('\'10\'', 'Leiria', 'Leiria', 'Bidoeira de Cima'),
('\'10\'', 'Leiria', 'Leiria', 'União das freguesias de Colmeias e Memória'),
('\'10\'', 'Leiria', 'Leiria', 'União das freguesias de Leiria, Pousos, Barreira e Cortes'),
('\'10\'', 'Leiria', 'Leiria', 'União das freguesias de Marrazes e Barosa'),
('\'10\'', 'Leiria', 'Leiria', 'União das freguesias de Monte Real e Carvide'),
('\'10\'', 'Leiria', 'Leiria', 'União das freguesias de Monte Redondo e Carreira'),
('\'10\'', 'Leiria', 'Leiria', 'União das freguesias de Parceiros e Azoia'),
('\'10\'', 'Leiria', 'Leiria', 'União das freguesias de Santa Catarina da Serra e Chainça'),
('\'10\'', 'Leiria', 'Leiria', 'União das freguesias de Santa Eufémia e Boa Vista'),
('\'10\'', 'Leiria', 'Leiria', 'União das freguesias de Souto da Carpalhosa e Ortigosa'),
('\'10\'', 'Leiria', 'Marinha Grande', 'Marinha Grande'),
('\'10\'', 'Leiria', 'Marinha Grande', 'Vieira de Leiria'),
('\'10\'', 'Leiria', 'Marinha Grande', 'Moita'),
('\'10\'', 'Leiria', 'Nazaré', 'Famalicão'),
('\'10\'', 'Leiria', 'Nazaré', 'Nazaré'),
('\'10\'', 'Leiria', 'Nazaré', 'Valado dos Frades'),
('\'10\'', 'Leiria', 'Óbidos', 'A dos Negros'),
('\'10\'', 'Leiria', 'Óbidos', 'Amoreira'),
('\'10\'', 'Leiria', 'Óbidos', 'Olho Marinho'),
('\'10\'', 'Leiria', 'Óbidos', 'Vau'),
('\'10\'', 'Leiria', 'Óbidos', 'Gaeiras'),
('\'10\'', 'Leiria', 'Óbidos', 'Usseira'),
('\'10\'', 'Leiria', 'Óbidos', 'Santa Maria, São Pedro e Sobral da Lagoa'),
('\'10\'', 'Leiria', 'Pedrógão Grande', 'Graça'),
('\'10\'', 'Leiria', 'Pedrógão Grande', 'Pedrógão Grande'),
('\'10\'', 'Leiria', 'Pedrógão Grande', 'Vila Facaia'),
('\'10\'', 'Leiria', 'Peniche', 'Atouguia da Baleia'),
('\'10\'', 'Leiria', 'Peniche', 'Serra d\'El-Rei'),
('\'10\'', 'Leiria', 'Peniche', 'Ferrel'),
('\'10\'', 'Leiria', 'Peniche', 'Peniche'),
('\'10\'', 'Leiria', 'Pombal', 'Abiul'),
('\'10\'', 'Leiria', 'Pombal', 'Almagreira'),
('\'10\'', 'Leiria', 'Pombal', 'Carnide'),
('\'10\'', 'Leiria', 'Pombal', 'Carriço'),
('\'10\'', 'Leiria', 'Pombal', 'Louriçal'),
('\'10\'', 'Leiria', 'Pombal', 'Pelariga'),
('\'10\'', 'Leiria', 'Pombal', 'Pombal'),
('\'10\'', 'Leiria', 'Pombal', 'Redinha'),
('\'10\'', 'Leiria', 'Pombal', 'Vermoil'),
('\'10\'', 'Leiria', 'Pombal', 'Vila Cã'),
('\'10\'', 'Leiria', 'Pombal', 'Meirinhas'),
('\'10\'', 'Leiria', 'Pombal', 'União das freguesias de Guia, Ilha e Mata Mourisca'),
('\'10\'', 'Leiria', 'Pombal', 'União das freguesias de Santiago e São Simão de Litém e Albergaria dos Doze'),
('\'10\'', 'Leiria', 'Porto de Mós', 'Alqueidão da Serra'),
('\'10\'', 'Leiria', 'Porto de Mós', 'Calvaria de Cima'),
('\'10\'', 'Leiria', 'Porto de Mós', 'Juncal'),
('\'10\'', 'Leiria', 'Porto de Mós', 'Mira de Aire'),
('\'10\'', 'Leiria', 'Porto de Mós', 'Pedreiras'),
('\'10\'', 'Leiria', 'Porto de Mós', 'São Bento'),
('\'10\'', 'Leiria', 'Porto de Mós', 'Serro Ventoso'),
('\'10\'', 'Leiria', 'Porto de Mós', 'Porto de Mós - São João Baptista e São Pedro'),
('\'10\'', 'Leiria', 'Porto de Mós', 'União das freguesias de Alvados e Alcaria'),
('\'10\'', 'Leiria', 'Porto de Mós', 'União das freguesias de Arrimal e Mendiga'),
('\'11\'', 'Lisboa', 'Alenquer', 'Carnota'),
('\'11\'', 'Lisboa', 'Alenquer', 'Meca'),
('\'11\'', 'Lisboa', 'Alenquer', 'Olhalvo'),
('\'11\'', 'Lisboa', 'Alenquer', 'Ota'),
('\'11\'', 'Lisboa', 'Alenquer', 'Ventosa'),
('\'11\'', 'Lisboa', 'Alenquer', 'Vila Verde dos Francos'),
('\'11\'', 'Lisboa', 'Alenquer', 'União das freguesias de Abrigada e Cabanas de Torres'),
('\'11\'', 'Lisboa', 'Alenquer', 'União das freguesias de Aldeia Galega da Merceana e Aldeia Gavinha'),
('\'11\'', 'Lisboa', 'Alenquer', 'União das freguesias de Alenquer (Santo Estêvão e Triana)'),
('\'11\'', 'Lisboa', 'Alenquer', 'União das freguesias de Carregado e Cadafais'),
('\'11\'', 'Lisboa', 'Alenquer', 'União das freguesias de Ribafria e Pereiro de Palhacana'),
('\'11\'', 'Lisboa', 'Amadora', 'Alfragide'),
('\'11\'', 'Lisboa', 'Amadora', 'Águas Livres'),
('\'11\'', 'Lisboa', 'Amadora', 'Encosta do Sol'),
('\'11\'', 'Lisboa', 'Amadora', 'Falagueira-Venda Nova'),
('\'11\'', 'Lisboa', 'Amadora', 'Mina de Água'),
('\'11\'', 'Lisboa', 'Amadora', 'Venteira'),
('\'11\'', 'Lisboa', 'Arruda dos Vinhos', 'Arranhó'),
('\'11\'', 'Lisboa', 'Arruda dos Vinhos', 'Arruda dos Vinhos'),
('\'11\'', 'Lisboa', 'Arruda dos Vinhos', 'Cardosas'),
('\'11\'', 'Lisboa', 'Arruda dos Vinhos', 'Santiago dos Velhos'),
('\'11\'', 'Lisboa', 'Azambuja', 'Alcoentre'),
('\'11\'', 'Lisboa', 'Azambuja', 'Aveiras de Baixo'),
('\'11\'', 'Lisboa', 'Azambuja', 'Aveiras de Cima'),
('\'11\'', 'Lisboa', 'Azambuja', 'Azambuja'),
('\'11\'', 'Lisboa', 'Azambuja', 'Vale do Paraíso'),
('\'11\'', 'Lisboa', 'Azambuja', 'Vila Nova da Rainha'),
('\'11\'', 'Lisboa', 'Azambuja', 'União das freguesias de Manique do Intendente, Vila Nova de São Pedro e Maçussa'),
('\'11\'', 'Lisboa', 'Cadaval', 'Alguber'),
('\'11\'', 'Lisboa', 'Cadaval', 'Peral'),
('\'11\'', 'Lisboa', 'Cadaval', 'Vermelha'),
('\'11\'', 'Lisboa', 'Cadaval', 'Vilar'),
('\'11\'', 'Lisboa', 'Cadaval', 'União das freguesias do Cadaval e Pêro Moniz'),
('\'11\'', 'Lisboa', 'Cadaval', 'União das freguesias de Lamas e Cercal'),
('\'11\'', 'Lisboa', 'Cadaval', 'União das freguesias de Painho e Figueiros'),
('\'11\'', 'Lisboa', 'Cascais', 'Alcabideche'),
('\'11\'', 'Lisboa', 'Cascais', 'São Domingos de Rana'),
('\'11\'', 'Lisboa', 'Cascais', 'União das freguesias de Carcavelos e Parede'),
('\'11\'', 'Lisboa', 'Cascais', 'União das freguesias de Cascais e Estoril'),
('\'11\'', 'Lisboa', 'Lisboa', 'Ajuda'),
('\'11\'', 'Lisboa', 'Lisboa', 'Alcântara'),
('\'11\'', 'Lisboa', 'Lisboa', 'Beato'),
('\'11\'', 'Lisboa', 'Lisboa', 'Benfica'),
('\'11\'', 'Lisboa', 'Lisboa', 'Campolide'),
('\'11\'', 'Lisboa', 'Lisboa', 'Carnide'),
('\'11\'', 'Lisboa', 'Lisboa', 'Lumiar'),
('\'11\'', 'Lisboa', 'Lisboa', 'Marvila'),
('\'11\'', 'Lisboa', 'Lisboa', 'Olivais'),
('\'11\'', 'Lisboa', 'Lisboa', 'São Domingos de Benfica'),
('\'11\'', 'Lisboa', 'Lisboa', 'Alvalade'),
('\'11\'', 'Lisboa', 'Lisboa', 'Areeiro'),
('\'11\'', 'Lisboa', 'Lisboa', 'Arroios'),
('\'11\'', 'Lisboa', 'Lisboa', 'Avenidas Novas'),
('\'11\'', 'Lisboa', 'Lisboa', 'Belém'),
('\'11\'', 'Lisboa', 'Lisboa', 'Campo de Ourique'),
('\'11\'', 'Lisboa', 'Lisboa', 'Estrela'),
('\'11\'', 'Lisboa', 'Lisboa', 'Misericórdia'),
('\'11\'', 'Lisboa', 'Lisboa', 'Parque das Nações'),
('\'11\'', 'Lisboa', 'Lisboa', 'Penha de França'),
('\'11\'', 'Lisboa', 'Lisboa', 'Santa Clara'),
('\'11\'', 'Lisboa', 'Lisboa', 'Santa Maria Maior'),
('\'11\'', 'Lisboa', 'Lisboa', 'Santo António'),
('\'11\'', 'Lisboa', 'Lisboa', 'São Vicente'),
('\'11\'', 'Lisboa', 'Loures', 'Bucelas'),
('\'11\'', 'Lisboa', 'Loures', 'Fanhões'),
('\'11\'', 'Lisboa', 'Loures', 'Loures'),
('\'11\'', 'Lisboa', 'Loures', 'Lousa'),
('\'11\'', 'Lisboa', 'Loures', 'União das freguesias de Moscavide e Portela'),
('\'11\'', 'Lisboa', 'Loures', 'União das freguesias de Sacavém e Prior Velho'),
('\'11\'', 'Lisboa', 'Loures', 'União das freguesias de Santa Iria de Azoia, São João da Talha e Bobadela'),
('\'11\'', 'Lisboa', 'Loures', 'União das freguesias de Santo Antão e São Julião do Tojal'),
('\'11\'', 'Lisboa', 'Loures', 'União das freguesias de Santo António dos Cavaleiros e Frielas'),
('\'11\'', 'Lisboa', 'Loures', 'União das freguesias de Camarate, Unhos e Apelação'),
('\'11\'', 'Lisboa', 'Lourinhã', 'Moita dos Ferreiros'),
('\'11\'', 'Lisboa', 'Lourinhã', 'Reguengo Grande'),
('\'11\'', 'Lisboa', 'Lourinhã', 'Santa Bárbara'),
('\'11\'', 'Lisboa', 'Lourinhã', 'Vimeiro'),
('\'11\'', 'Lisboa', 'Lourinhã', 'Ribamar'),
('\'11\'', 'Lisboa', 'Lourinhã', 'União das freguesias de Lourinhã e Atalaia'),
('\'11\'', 'Lisboa', 'Lourinhã', 'União das freguesias de Miragaia e Marteleira'),
('\'11\'', 'Lisboa', 'Lourinhã', 'União das freguesias de São Bartolomeu dos Galegos e Moledo'),
('\'11\'', 'Lisboa', 'Mafra', 'Carvoeira'),
('\'11\'', 'Lisboa', 'Mafra', 'Encarnação'),
('\'11\'', 'Lisboa', 'Mafra', 'Ericeira'),
('\'11\'', 'Lisboa', 'Mafra', 'Mafra'),
('\'11\'', 'Lisboa', 'Mafra', 'Milharado'),
('\'11\'', 'Lisboa', 'Mafra', 'Santo Isidoro'),
('\'11\'', 'Lisboa', 'Mafra', 'União das freguesias de Azueira e Sobral da Abelheira'),
('\'11\'', 'Lisboa', 'Mafra', 'União das freguesias de Enxara do Bispo, Gradil e Vila Franca do Rosário'),
('\'11\'', 'Lisboa', 'Mafra', 'União das freguesias de Igreja Nova e Cheleiros'),
('\'11\'', 'Lisboa', 'Mafra', 'União das freguesias de Malveira e São Miguel de Alcainça'),
('\'11\'', 'Lisboa', 'Mafra', 'União das freguesias de Venda do Pinheiro e Santo Estêvão das Galés'),
('\'11\'', 'Lisboa', 'Odivelas', 'Odivelas'),
('\'11\'', 'Lisboa', 'Odivelas', 'União das freguesias de Pontinha e Famões'),
('\'11\'', 'Lisboa', 'Odivelas', 'União das freguesias de Póvoa de Santo Adrião e Olival Basto'),
('\'11\'', 'Lisboa', 'Odivelas', 'União das freguesias de Ramada e Caneças'),
('\'11\'', 'Lisboa', 'Oeiras', 'Barcarena'),
('\'11\'', 'Lisboa', 'Oeiras', 'Porto Salvo'),
('\'11\'', 'Lisboa', 'Oeiras', 'União das freguesias de Algés, Linda-a-Velha e Cruz Quebrada-Dafundo');
INSERT INTO `localizacao` (`id_distrito`, `distrito`, `conselho`, `freguesia`) VALUES
('\'11\'', 'Lisboa', 'Oeiras', 'União das freguesias de Carnaxide e Queijas'),
('\'11\'', 'Lisboa', 'Oeiras', 'União das freguesias de Oeiras e São Julião da Barra, Paço de Arcos e Caxias'),
('\'11\'', 'Lisboa', 'Sintra', 'Algueirão-Mem Martins'),
('\'11\'', 'Lisboa', 'Sintra', 'Colares'),
('\'11\'', 'Lisboa', 'Sintra', 'Rio de Mouro'),
('\'11\'', 'Lisboa', 'Sintra', 'Casal de Cambra'),
('\'11\'', 'Lisboa', 'Sintra', 'União das freguesias de Agualva e Mira-Sintra'),
('\'11\'', 'Lisboa', 'Sintra', 'União das freguesias de Almargem do Bispo, Pêro Pinheiro e Montelavar'),
('\'11\'', 'Lisboa', 'Sintra', 'União das freguesias do Cacém e São Marcos'),
('\'11\'', 'Lisboa', 'Sintra', 'União das freguesias de Massamá e Monte Abraão'),
('\'11\'', 'Lisboa', 'Sintra', 'União das freguesias de Queluz e Belas'),
('\'11\'', 'Lisboa', 'Sintra', 'União das freguesias de São João das Lampas e Terrugem'),
('\'11\'', 'Lisboa', 'Sintra', 'União das freguesias de Sintra (Santa Maria e São Miguel, São Martinho e São Pedro de Penaferrim)'),
('\'11\'', 'Lisboa', 'Sobral de Monte Agraço', 'Santo Quintino'),
('\'11\'', 'Lisboa', 'Sobral de Monte Agraço', 'Sapataria'),
('\'11\'', 'Lisboa', 'Sobral de Monte Agraço', 'Sobral de Monte Agraço'),
('\'11\'', 'Lisboa', 'Torres Vedras', 'Freiria'),
('\'11\'', 'Lisboa', 'Torres Vedras', 'Ponte do Rol'),
('\'11\'', 'Lisboa', 'Torres Vedras', 'Ramalhal'),
('\'11\'', 'Lisboa', 'Torres Vedras', 'São Pedro da Cadeira'),
('\'11\'', 'Lisboa', 'Torres Vedras', 'Silveira'),
('\'11\'', 'Lisboa', 'Torres Vedras', 'Turcifal'),
('\'11\'', 'Lisboa', 'Torres Vedras', 'Ventosa'),
('\'11\'', 'Lisboa', 'Torres Vedras', 'União das freguesias de A dos Cunhados e Maceira'),
('\'11\'', 'Lisboa', 'Torres Vedras', 'União das freguesias de Campelos e Outeiro da Cabeça'),
('\'11\'', 'Lisboa', 'Torres Vedras', 'União das freguesias de Carvoeira e Carmões'),
('\'11\'', 'Lisboa', 'Torres Vedras', 'União das freguesias de Dois Portos e Runa'),
('\'11\'', 'Lisboa', 'Torres Vedras', 'União das freguesias de Maxial e Monte Redondo'),
('\'11\'', 'Lisboa', 'Torres Vedras', 'União das freguesias de Torres Vedras (São Pedro, Santiago, Santa Maria do Castelo e São Miguel) e Matacães'),
('\'11\'', 'Lisboa', 'Vila Franca de Xira', 'Vialonga'),
('\'11\'', 'Lisboa', 'Vila Franca de Xira', 'Vila Franca de Xira'),
('\'11\'', 'Lisboa', 'Vila Franca de Xira', 'União das freguesias de Alhandra, São João dos Montes e Calhandriz'),
('\'11\'', 'Lisboa', 'Vila Franca de Xira', 'União das freguesias de Alverca do Ribatejo e Sobralinho'),
('\'11\'', 'Lisboa', 'Vila Franca de Xira', 'União das freguesias de Castanheira do Ribatejo e Cachoeiras'),
('\'11\'', 'Lisboa', 'Vila Franca de Xira', 'União das freguesias de Póvoa de Santa Iria e Forte da Casa'),
('\'12\'', 'Portalegre', 'Alter do Chão', 'Alter do Chão'),
('\'12\'', 'Portalegre', 'Alter do Chão', 'Chancelaria'),
('\'12\'', 'Portalegre', 'Alter do Chão', 'Seda'),
('\'12\'', 'Portalegre', 'Alter do Chão', 'Cunheira'),
('\'12\'', 'Portalegre', 'Arronches', 'Assunção'),
('\'12\'', 'Portalegre', 'Arronches', 'Esperança'),
('\'12\'', 'Portalegre', 'Arronches', 'Mosteiros'),
('\'12\'', 'Portalegre', 'Avis', 'Aldeia Velha'),
('\'12\'', 'Portalegre', 'Avis', 'Avis'),
('\'12\'', 'Portalegre', 'Avis', 'Ervedal'),
('\'12\'', 'Portalegre', 'Avis', 'Figueira e Barros'),
('\'12\'', 'Portalegre', 'Avis', 'União das freguesias de Alcórrego e Maranhão'),
('\'12\'', 'Portalegre', 'Avis', 'União das freguesias de Benavila e Valongo'),
('\'12\'', 'Portalegre', 'Campo Maior', 'Nossa Senhora da Expectação'),
('\'12\'', 'Portalegre', 'Campo Maior', 'Nossa Senhora da Graça dos Degolados'),
('\'12\'', 'Portalegre', 'Campo Maior', 'São João Baptista'),
('\'12\'', 'Portalegre', 'Castelo de Vide', 'Nossa Senhora da Graça de Póvoa e Meadas'),
('\'12\'', 'Portalegre', 'Castelo de Vide', 'Santa Maria da Devesa'),
('\'12\'', 'Portalegre', 'Castelo de Vide', 'Santiago Maior'),
('\'12\'', 'Portalegre', 'Castelo de Vide', 'São João Baptista'),
('\'12\'', 'Portalegre', 'Crato', 'Aldeia da Mata'),
('\'12\'', 'Portalegre', 'Crato', 'Gáfete'),
('\'12\'', 'Portalegre', 'Crato', 'Monte da Pedra'),
('\'12\'', 'Portalegre', 'Crato', 'União das freguesias de Crato e Mártires, Flor da Rosa e Vale do Peso'),
('\'12\'', 'Portalegre', 'Elvas', 'Santa Eulália'),
('\'12\'', 'Portalegre', 'Elvas', 'São Brás e São Lourenço'),
('\'12\'', 'Portalegre', 'Elvas', 'São Vicente e Ventosa'),
('\'12\'', 'Portalegre', 'Elvas', 'Assunção, Ajuda, Salvador e Santo Ildefonso'),
('\'12\'', 'Portalegre', 'Elvas', 'Caia, São Pedro e Alcáçova'),
('\'12\'', 'Portalegre', 'Elvas', 'União das freguesias de Barbacena e Vila Fernando'),
('\'12\'', 'Portalegre', 'Elvas', 'União das freguesias de Terrugem e Vila Boim'),
('\'12\'', 'Portalegre', 'Fronteira', 'Cabeço de Vide'),
('\'12\'', 'Portalegre', 'Fronteira', 'Fronteira'),
('\'12\'', 'Portalegre', 'Fronteira', 'São Saturnino'),
('\'12\'', 'Portalegre', 'Gavião', 'Belver'),
('\'12\'', 'Portalegre', 'Gavião', 'Comenda'),
('\'12\'', 'Portalegre', 'Gavião', 'Margem'),
('\'12\'', 'Portalegre', 'Gavião', 'União das freguesias de Gavião e Atalaia'),
('\'12\'', 'Portalegre', 'Marvão', 'Beirã'),
('\'12\'', 'Portalegre', 'Marvão', 'Santa Maria de Marvão'),
('\'12\'', 'Portalegre', 'Marvão', 'Santo António das Areias'),
('\'12\'', 'Portalegre', 'Marvão', 'São Salvador da Aramenha'),
('\'12\'', 'Portalegre', 'Monforte', 'Assumar'),
('\'12\'', 'Portalegre', 'Monforte', 'Monforte'),
('\'12\'', 'Portalegre', 'Monforte', 'Santo Aleixo'),
('\'12\'', 'Portalegre', 'Monforte', 'Vaiamonte'),
('\'12\'', 'Portalegre', 'Nisa', 'Alpalhão'),
('\'12\'', 'Portalegre', 'Nisa', 'Montalvão'),
('\'12\'', 'Portalegre', 'Nisa', 'Santana'),
('\'12\'', 'Portalegre', 'Nisa', 'São Matias'),
('\'12\'', 'Portalegre', 'Nisa', 'Tolosa'),
('\'12\'', 'Portalegre', 'Nisa', 'União das freguesias de Arez e Amieira do Tejo'),
('\'12\'', 'Portalegre', 'Nisa', 'União das freguesias de Espírito Santo, Nossa Senhora da Graça e São Simão'),
('\'12\'', 'Portalegre', 'Ponte de Sor', 'Galveias'),
('\'12\'', 'Portalegre', 'Ponte de Sor', 'Montargil'),
('\'12\'', 'Portalegre', 'Ponte de Sor', 'Foros de Arrão'),
('\'12\'', 'Portalegre', 'Ponte de Sor', 'Longomel'),
('\'12\'', 'Portalegre', 'Ponte de Sor', 'União das freguesias de Ponte de Sor, Tramaga e Vale de Açor'),
('\'12\'', 'Portalegre', 'Portalegre', 'Alagoa'),
('\'12\'', 'Portalegre', 'Portalegre', 'Alegrete'),
('\'12\'', 'Portalegre', 'Portalegre', 'Fortios'),
('\'12\'', 'Portalegre', 'Portalegre', 'Urra'),
('\'12\'', 'Portalegre', 'Portalegre', 'União das freguesias da Sé e São Lourenço'),
('\'12\'', 'Portalegre', 'Portalegre', 'União das freguesias de Reguengo e São Julião'),
('\'12\'', 'Portalegre', 'Portalegre', 'União das freguesias de Ribeira de Nisa e Carreiras'),
('\'12\'', 'Portalegre', 'Sousel', 'Cano'),
('\'12\'', 'Portalegre', 'Sousel', 'Casa Branca'),
('\'12\'', 'Portalegre', 'Sousel', 'Santo Amaro'),
('\'12\'', 'Portalegre', 'Sousel', 'Sousel'),
('\'13\'', 'Porto', 'Amarante', 'Ansiães'),
('\'13\'', 'Porto', 'Amarante', 'Candemil'),
('\'13\'', 'Porto', 'Amarante', 'Fregim'),
('\'13\'', 'Porto', 'Amarante', 'Fridão'),
('\'13\'', 'Porto', 'Amarante', 'Gondar'),
('\'13\'', 'Porto', 'Amarante', 'Jazente'),
('\'13\'', 'Porto', 'Amarante', 'Lomba'),
('\'13\'', 'Porto', 'Amarante', 'Louredo'),
('\'13\'', 'Porto', 'Amarante', 'Lufrei'),
('\'13\'', 'Porto', 'Amarante', 'Mancelos'),
('\'13\'', 'Porto', 'Amarante', 'Padronelo'),
('\'13\'', 'Porto', 'Amarante', 'Rebordelo'),
('\'13\'', 'Porto', 'Amarante', 'Salvador do Monte'),
('\'13\'', 'Porto', 'Amarante', 'Gouveia (São Simão)'),
('\'13\'', 'Porto', 'Amarante', 'Telões'),
('\'13\'', 'Porto', 'Amarante', 'Travanca'),
('\'13\'', 'Porto', 'Amarante', 'Vila Caiz'),
('\'13\'', 'Porto', 'Amarante', 'Vila Chã do Marão'),
('\'13\'', 'Porto', 'Amarante', 'União das freguesias de Aboadela, Sanche e Várzea'),
('\'13\'', 'Porto', 'Amarante', 'União das freguesias de Amarante (São Gonçalo), Madalena, Cepelos e Gatão'),
('\'13\'', 'Porto', 'Amarante', 'União das freguesias de Bustelo, Carneiro e Carvalho de Rei'),
('\'13\'', 'Porto', 'Amarante', 'União das freguesias de Figueiró (Santiago e Santa Cristina)'),
('\'13\'', 'Porto', 'Amarante', 'União das freguesias de Freixo de Cima e de Baixo'),
('\'13\'', 'Porto', 'Amarante', 'União das freguesias de Olo e Canadelo'),
('\'13\'', 'Porto', 'Amarante', 'União das freguesias de Real, Ataíde e Oliveira'),
('\'13\'', 'Porto', 'Amarante', 'União das freguesias de Vila Garcia, Aboim e Chapa'),
('\'13\'', 'Porto', 'Baião', 'Frende'),
('\'13\'', 'Porto', 'Baião', 'Gestaçô'),
('\'13\'', 'Porto', 'Baião', 'Gove'),
('\'13\'', 'Porto', 'Baião', 'Grilo'),
('\'13\'', 'Porto', 'Baião', 'Loivos do Monte'),
('\'13\'', 'Porto', 'Baião', 'Santa Marinha do Zêzere'),
('\'13\'', 'Porto', 'Baião', 'Valadares'),
('\'13\'', 'Porto', 'Baião', 'Viariz'),
('\'13\'', 'Porto', 'Baião', 'União das freguesias de Ancede e Ribadouro'),
('\'13\'', 'Porto', 'Baião', 'União das freguesias de Baião (Santa Leocádia) e Mesquinhata'),
('\'13\'', 'Porto', 'Baião', 'União das freguesias de Campelo e Ovil'),
('\'13\'', 'Porto', 'Baião', 'União das freguesias de Loivos da Ribeira e Tresouras'),
('\'13\'', 'Porto', 'Baião', 'União das freguesias de Santa Cruz do Douro e São Tomé de Covelas'),
('\'13\'', 'Porto', 'Baião', 'União das freguesias de Teixeira e Teixeiró'),
('\'13\'', 'Porto', 'Felgueiras', 'Aião'),
('\'13\'', 'Porto', 'Felgueiras', 'Airães'),
('\'13\'', 'Porto', 'Felgueiras', 'Friande'),
('\'13\'', 'Porto', 'Felgueiras', 'Idães'),
('\'13\'', 'Porto', 'Felgueiras', 'Jugueiros'),
('\'13\'', 'Porto', 'Felgueiras', 'Penacova'),
('\'13\'', 'Porto', 'Felgueiras', 'Pinheiro'),
('\'13\'', 'Porto', 'Felgueiras', 'Pombeiro de Ribavizela'),
('\'13\'', 'Porto', 'Felgueiras', 'Refontoura'),
('\'13\'', 'Porto', 'Felgueiras', 'Regilde'),
('\'13\'', 'Porto', 'Felgueiras', 'Revinhade'),
('\'13\'', 'Porto', 'Felgueiras', 'Sendim'),
('\'13\'', 'Porto', 'Felgueiras', 'União das freguesias de Macieira da Lixa e Caramos'),
('\'13\'', 'Porto', 'Felgueiras', 'União das freguesias de Margaride (Santa Eulália), Várzea, Lagares, Varziela e Moure'),
('\'13\'', 'Porto', 'Felgueiras', 'União das freguesias de Pedreira, Rande e Sernande'),
('\'13\'', 'Porto', 'Felgueiras', 'União das freguesias de Torrados e Sousa'),
('\'13\'', 'Porto', 'Felgueiras', 'União das freguesias de Unhão e Lordelo'),
('\'13\'', 'Porto', 'Felgueiras', 'União das freguesias de Vila Cova da Lixa e Borba de Godim'),
('\'13\'', 'Porto', 'Felgueiras', 'União das freguesias de Vila Fria e Vizela (São Jorge)'),
('\'13\'', 'Porto', 'Felgueiras', 'União das freguesias de Vila Verde e Santão'),
('\'13\'', 'Porto', 'Gondomar', 'Lomba'),
('\'13\'', 'Porto', 'Gondomar', 'Rio Tinto'),
('\'13\'', 'Porto', 'Gondomar', 'Baguim do Monte (Rio Tinto)'),
('\'13\'', 'Porto', 'Gondomar', 'União das freguesias de Fânzeres e São Pedro da Cova'),
('\'13\'', 'Porto', 'Gondomar', 'União das freguesias de Foz do Sousa e Covelo'),
('\'13\'', 'Porto', 'Gondomar', 'União das freguesias de Gondomar (São Cosme), Valbom e Jovim'),
('\'13\'', 'Porto', 'Gondomar', 'União das freguesias de Melres e Medas'),
('\'13\'', 'Porto', 'Lousada', 'Aveleda'),
('\'13\'', 'Porto', 'Lousada', 'Caíde de Rei'),
('\'13\'', 'Porto', 'Lousada', 'Lodares'),
('\'13\'', 'Porto', 'Lousada', 'Macieira'),
('\'13\'', 'Porto', 'Lousada', 'Meinedo'),
('\'13\'', 'Porto', 'Lousada', 'Nevogilde'),
('\'13\'', 'Porto', 'Lousada', 'Sousela'),
('\'13\'', 'Porto', 'Lousada', 'Torno'),
('\'13\'', 'Porto', 'Lousada', 'Vilar do Torno e Alentém'),
('\'13\'', 'Porto', 'Lousada', 'União das freguesias de Cernadelo e Lousada (São Miguel e Santa Margarida)'),
('\'13\'', 'Porto', 'Lousada', 'União das freguesias de Cristelos, Boim e Ordem'),
('\'13\'', 'Porto', 'Lousada', 'União das freguesias de Figueiras e Covas'),
('\'13\'', 'Porto', 'Lousada', 'União das freguesias de Lustosa e Barrosas (Santo Estêvão)'),
('\'13\'', 'Porto', 'Lousada', 'União das freguesias de Nespereira e Casais'),
('\'13\'', 'Porto', 'Lousada', 'União das freguesias de Silvares, Pias, Nogueira e Alvarenga'),
('\'13\'', 'Porto', 'Maia', 'Águas Santas'),
('\'13\'', 'Porto', 'Maia', 'Folgosa'),
('\'13\'', 'Porto', 'Maia', 'Milheirós'),
('\'13\'', 'Porto', 'Maia', 'Moreira'),
('\'13\'', 'Porto', 'Maia', 'São Pedro Fins'),
('\'13\'', 'Porto', 'Maia', 'Vila Nova da Telha'),
('\'13\'', 'Porto', 'Maia', 'Pedrouços'),
('\'13\'', 'Porto', 'Maia', 'Castêlo da Maia'),
('\'13\'', 'Porto', 'Maia', 'Cidade da Maia'),
('\'13\'', 'Porto', 'Maia', 'Nogueira e Silva Escura'),
('\'13\'', 'Porto', 'Marco de Canaveses', 'Banho e Carvalhosa'),
('\'13\'', 'Porto', 'Marco de Canaveses', 'Constance'),
('\'13\'', 'Porto', 'Marco de Canaveses', 'Soalhães'),
('\'13\'', 'Porto', 'Marco de Canaveses', 'Sobretâmega'),
('\'13\'', 'Porto', 'Marco de Canaveses', 'Tabuado'),
('\'13\'', 'Porto', 'Marco de Canaveses', 'Vila Boa do Bispo'),
('\'13\'', 'Porto', 'Marco de Canaveses', 'Alpendorada, Várzea e Torrão'),
('\'13\'', 'Porto', 'Marco de Canaveses', 'Avessadas e Rosém'),
('\'13\'', 'Porto', 'Marco de Canaveses', 'Bem Viver'),
('\'13\'', 'Porto', 'Marco de Canaveses', 'Livração'),
('\'13\'', 'Porto', 'Marco de Canaveses', 'Marco'),
('\'13\'', 'Porto', 'Marco de Canaveses', 'Paredes de Viadores e Manhuncelos'),
('\'13\'', 'Porto', 'Marco de Canaveses', 'Penhalonga e Paços de Gaiolo'),
('\'13\'', 'Porto', 'Marco de Canaveses', 'Sande e São Lourenço'),
('\'13\'', 'Porto', 'Marco de Canaveses', 'Várzea, Aliviada e Folhada'),
('\'13\'', 'Porto', 'Marco de Canaveses', 'Vila Boa de Quires e Maureles'),
('\'13\'', 'Porto', 'Matosinhos', 'União das freguesias de Custóias, Leça do Balio e Guifões'),
('\'13\'', 'Porto', 'Matosinhos', 'União das freguesias de Matosinhos e Leça da Palmeira'),
('\'13\'', 'Porto', 'Matosinhos', 'União das freguesias de Perafita, Lavra e Santa Cruz do Bispo'),
('\'13\'', 'Porto', 'Matosinhos', 'União das freguesias de São Mamede de Infesta e Senhora da Hora'),
('\'13\'', 'Porto', 'Paços de Ferreira', 'Carvalhosa'),
('\'13\'', 'Porto', 'Paços de Ferreira', 'Eiriz'),
('\'13\'', 'Porto', 'Paços de Ferreira', 'Ferreira'),
('\'13\'', 'Porto', 'Paços de Ferreira', 'Figueiró'),
('\'13\'', 'Porto', 'Paços de Ferreira', 'Freamunde'),
('\'13\'', 'Porto', 'Paços de Ferreira', 'Meixomil'),
('\'13\'', 'Porto', 'Paços de Ferreira', 'Penamaior'),
('\'13\'', 'Porto', 'Paços de Ferreira', 'Raimonda'),
('\'13\'', 'Porto', 'Paços de Ferreira', 'Seroa'),
('\'13\'', 'Porto', 'Paços de Ferreira', 'Frazão Arreigada'),
('\'13\'', 'Porto', 'Paços de Ferreira', 'Paços de Ferreira'),
('\'13\'', 'Porto', 'Paços de Ferreira', 'Sanfins Lamoso Codessos'),
('\'13\'', 'Porto', 'Paredes', 'Aguiar de Sousa'),
('\'13\'', 'Porto', 'Paredes', 'Astromil'),
('\'13\'', 'Porto', 'Paredes', 'Baltar'),
('\'13\'', 'Porto', 'Paredes', 'Beire'),
('\'13\'', 'Porto', 'Paredes', 'Cete'),
('\'13\'', 'Porto', 'Paredes', 'Cristelo'),
('\'13\'', 'Porto', 'Paredes', 'Duas Igrejas'),
('\'13\'', 'Porto', 'Paredes', 'Gandra'),
('\'13\'', 'Porto', 'Paredes', 'Lordelo'),
('\'13\'', 'Porto', 'Paredes', 'Louredo'),
('\'13\'', 'Porto', 'Paredes', 'Parada de Todeia'),
('\'13\'', 'Porto', 'Paredes', 'Rebordosa'),
('\'13\'', 'Porto', 'Paredes', 'Recarei'),
('\'13\'', 'Porto', 'Paredes', 'Sobreira'),
('\'13\'', 'Porto', 'Paredes', 'Sobrosa'),
('\'13\'', 'Porto', 'Paredes', 'Vandoma'),
('\'13\'', 'Porto', 'Paredes', 'Vilela'),
('\'13\'', 'Porto', 'Paredes', 'Paredes'),
('\'13\'', 'Porto', 'Penafiel', 'Abragão'),
('\'13\'', 'Porto', 'Penafiel', 'Boelhe'),
('\'13\'', 'Porto', 'Penafiel', 'Bustelo'),
('\'13\'', 'Porto', 'Penafiel', 'Cabeça Santa'),
('\'13\'', 'Porto', 'Penafiel', 'Canelas'),
('\'13\'', 'Porto', 'Penafiel', 'Capela'),
('\'13\'', 'Porto', 'Penafiel', 'Castelões'),
('\'13\'', 'Porto', 'Penafiel', 'Croca'),
('\'13\'', 'Porto', 'Penafiel', 'Duas Igrejas'),
('\'13\'', 'Porto', 'Penafiel', 'Eja'),
('\'13\'', 'Porto', 'Penafiel', 'Fonte Arcada'),
('\'13\'', 'Porto', 'Penafiel', 'Galegos'),
('\'13\'', 'Porto', 'Penafiel', 'Irivo'),
('\'13\'', 'Porto', 'Penafiel', 'Oldrões'),
('\'13\'', 'Porto', 'Penafiel', 'Paço de Sousa'),
('\'13\'', 'Porto', 'Penafiel', 'Perozelo'),
('\'13\'', 'Porto', 'Penafiel', 'Rans'),
('\'13\'', 'Porto', 'Penafiel', 'Rio de Moinhos'),
('\'13\'', 'Porto', 'Penafiel', 'Recezinhos (São Mamede)'),
('\'13\'', 'Porto', 'Penafiel', 'Recezinhos (São Martinho)'),
('\'13\'', 'Porto', 'Penafiel', 'Sebolido'),
('\'13\'', 'Porto', 'Penafiel', 'Valpedre'),
('\'13\'', 'Porto', 'Penafiel', 'Rio Mau'),
('\'13\'', 'Porto', 'Penafiel', 'Penafiel'),
('\'13\'', 'Porto', 'Penafiel', 'Luzim e Vila Cova'),
('\'13\'', 'Porto', 'Penafiel', 'Guilhufe e Urrô'),
('\'13\'', 'Porto', 'Penafiel', 'Lagares e Figueira'),
('\'13\'', 'Porto', 'Penafiel', 'Termas de São Vicente'),
('\'13\'', 'Porto', 'Porto', 'Bonfim'),
('\'13\'', 'Porto', 'Porto', 'Campanhã'),
('\'13\'', 'Porto', 'Porto', 'Paranhos'),
('\'13\'', 'Porto', 'Porto', 'Ramalde'),
('\'13\'', 'Porto', 'Porto', 'União das freguesias de Aldoar, Foz do Douro e Nevogilde'),
('\'13\'', 'Porto', 'Porto', 'União das freguesias de Cedofeita, Santo Ildefonso, Sé, Miragaia, São Nicolau e Vitória'),
('\'13\'', 'Porto', 'Porto', 'União das freguesias de Lordelo do Ouro e Massarelos'),
('\'13\'', 'Porto', 'Póvoa de Varzim', 'Balazar'),
('\'13\'', 'Porto', 'Póvoa de Varzim', 'Estela'),
('\'13\'', 'Porto', 'Póvoa de Varzim', 'Laundos'),
('\'13\'', 'Porto', 'Póvoa de Varzim', 'Rates'),
('\'13\'', 'Porto', 'Póvoa de Varzim', 'União das freguesias de Aver-o-Mar, Amorim e Terroso'),
('\'13\'', 'Porto', 'Póvoa de Varzim', 'União das freguesias de Aguçadoura e Navais'),
('\'13\'', 'Porto', 'Póvoa de Varzim', 'União das freguesias da Póvoa de Varzim, Beiriz e Argivai'),
('\'13\'', 'Porto', 'Santo Tirso', 'Agrela'),
('\'13\'', 'Porto', 'Santo Tirso', 'Água Longa'),
('\'13\'', 'Porto', 'Santo Tirso', 'Aves'),
('\'13\'', 'Porto', 'Santo Tirso', 'Monte Córdova'),
('\'13\'', 'Porto', 'Santo Tirso', 'Rebordões'),
('\'13\'', 'Porto', 'Santo Tirso', 'Reguenga'),
('\'13\'', 'Porto', 'Santo Tirso', 'Roriz'),
('\'13\'', 'Porto', 'Santo Tirso', 'Negrelos (São Tomé)'),
('\'13\'', 'Porto', 'Santo Tirso', 'Vilarinho'),
('\'13\'', 'Porto', 'Santo Tirso', 'União das freguesias de Areias, Sequeiró, Lama e Palmeira'),
('\'13\'', 'Porto', 'Santo Tirso', 'União das freguesias de Campo (São Martinho), São Salvador do Campo e Negrelos (São Mamede)'),
('\'13\'', 'Porto', 'Santo Tirso', 'União das freguesias de Carreira e Refojos de Riba de Ave'),
('\'13\'', 'Porto', 'Santo Tirso', 'União das freguesias de Lamelas e Guimarei'),
('\'13\'', 'Porto', 'Santo Tirso', 'União das freguesias de Santo Tirso, Couto (Santa Cristina e São Miguel) e Burgães'),
('\'13\'', 'Porto', 'Trofa', 'Covelas'),
('\'13\'', 'Porto', 'Trofa', 'Muro'),
('\'13\'', 'Porto', 'Trofa', 'União das freguesias de Alvarelhos e Guidões'),
('\'13\'', 'Porto', 'Trofa', 'União das freguesias de Bougado (São Martinho e Santiago)'),
('\'13\'', 'Porto', 'Trofa', 'União das freguesias de Coronado (São Romão e São Mamede)'),
('\'13\'', 'Porto', 'Valongo', 'Alfena'),
('\'13\'', 'Porto', 'Valongo', 'Ermesinde'),
('\'13\'', 'Porto', 'Valongo', 'Valongo'),
('\'13\'', 'Porto', 'Valongo', 'União das freguesias de Campo e Sobrado'),
('\'13\'', 'Porto', 'Vila do Conde', 'Árvore'),
('\'13\'', 'Porto', 'Vila do Conde', 'Aveleda'),
('\'13\'', 'Porto', 'Vila do Conde', 'Azurara'),
('\'13\'', 'Porto', 'Vila do Conde', 'Fajozes'),
('\'13\'', 'Porto', 'Vila do Conde', 'Gião'),
('\'13\'', 'Porto', 'Vila do Conde', 'Guilhabreu'),
('\'13\'', 'Porto', 'Vila do Conde', 'Junqueira'),
('\'13\'', 'Porto', 'Vila do Conde', 'Labruge'),
('\'13\'', 'Porto', 'Vila do Conde', 'Macieira da Maia'),
('\'13\'', 'Porto', 'Vila do Conde', 'Mindelo'),
('\'13\'', 'Porto', 'Vila do Conde', 'Modivas'),
('\'13\'', 'Porto', 'Vila do Conde', 'Vila Chã'),
('\'13\'', 'Porto', 'Vila do Conde', 'Vila do Conde'),
('\'13\'', 'Porto', 'Vila do Conde', 'Vilar de Pinheiro'),
('\'13\'', 'Porto', 'Vila do Conde', 'União das freguesias de Bagunte, Ferreiró, Outeiro Maior e Parada'),
('\'13\'', 'Porto', 'Vila do Conde', 'União das freguesias de Fornelo e Vairão'),
('\'13\'', 'Porto', 'Vila do Conde', 'União das freguesias de Malta e Canidelo'),
('\'13\'', 'Porto', 'Vila do Conde', 'União das freguesias de Retorta e Tougues'),
('\'13\'', 'Porto', 'Vila do Conde', 'União das freguesias de Rio Mau e Arcos'),
('\'13\'', 'Porto', 'Vila do Conde', 'União das freguesias de Touguinha e Touguinhó'),
('\'13\'', 'Porto', 'Vila do Conde', 'União das freguesias de Vilar e Mosteiró'),
('\'13\'', 'Porto', 'Vila Nova de Gaia', 'Arcozelo'),
('\'13\'', 'Porto', 'Vila Nova de Gaia', 'Avintes'),
('\'13\'', 'Porto', 'Vila Nova de Gaia', 'Canelas'),
('\'13\'', 'Porto', 'Vila Nova de Gaia', 'Canidelo'),
('\'13\'', 'Porto', 'Vila Nova de Gaia', 'Madalena'),
('\'13\'', 'Porto', 'Vila Nova de Gaia', 'Oliveira do Douro'),
('\'13\'', 'Porto', 'Vila Nova de Gaia', 'São Félix da Marinha'),
('\'13\'', 'Porto', 'Vila Nova de Gaia', 'Vilar de Andorinho'),
('\'13\'', 'Porto', 'Vila Nova de Gaia', 'União das freguesias de Grijó e Sermonde'),
('\'13\'', 'Porto', 'Vila Nova de Gaia', 'União das freguesias de Gulpilhares e Valadares'),
('\'13\'', 'Porto', 'Vila Nova de Gaia', 'União das freguesias de Mafamude e Vilar do Paraíso'),
('\'13\'', 'Porto', 'Vila Nova de Gaia', 'União das freguesias de Pedroso e Seixezelo'),
('\'13\'', 'Porto', 'Vila Nova de Gaia', 'União das freguesias de Sandim, Olival, Lever e Crestuma'),
('\'13\'', 'Porto', 'Vila Nova de Gaia', 'União das freguesias de Santa Marinha e São Pedro da Afurada'),
('\'13\'', 'Porto', 'Vila Nova de Gaia', 'União das freguesias de Serzedo e Perosinho'),
('\'14\'', 'Santarém', 'Abrantes', 'Bemposta'),
('\'14\'', 'Santarém', 'Abrantes', 'Martinchel'),
('\'14\'', 'Santarém', 'Abrantes', 'Mouriscas'),
('\'14\'', 'Santarém', 'Abrantes', 'Pego'),
('\'14\'', 'Santarém', 'Abrantes', 'Rio de Moinhos'),
('\'14\'', 'Santarém', 'Abrantes', 'Tramagal'),
('\'14\'', 'Santarém', 'Abrantes', 'Fontes'),
('\'14\'', 'Santarém', 'Abrantes', 'Carvalhal'),
('\'14\'', 'Santarém', 'Abrantes', 'União das freguesias de Abrantes (São Vicente e São João) e Alferrarede'),
('\'14\'', 'Santarém', 'Abrantes', 'União das freguesias de Aldeia do Mato e Souto'),
('\'14\'', 'Santarém', 'Abrantes', 'União das freguesias de Alvega e Concavada'),
('\'14\'', 'Santarém', 'Abrantes', 'União das freguesias de São Facundo e Vale das Mós'),
('\'14\'', 'Santarém', 'Abrantes', 'União das freguesias de São Miguel do Rio Torto e Rossio ao Sul do Tejo'),
('\'14\'', 'Santarém', 'Alcanena', 'Bugalhos'),
('\'14\'', 'Santarém', 'Alcanena', 'Minde'),
('\'14\'', 'Santarém', 'Alcanena', 'Moitas Venda'),
('\'14\'', 'Santarém', 'Alcanena', 'Monsanto'),
('\'14\'', 'Santarém', 'Alcanena', 'Serra de Santo António'),
('\'14\'', 'Santarém', 'Alcanena', 'União das freguesias de Alcanena e Vila Moreira'),
('\'14\'', 'Santarém', 'Alcanena', 'União das freguesias de Malhou, Louriceira e Espinheiro'),
('\'14\'', 'Santarém', 'Almeirim', 'Almeirim'),
('\'14\'', 'Santarém', 'Almeirim', 'Benfica do Ribatejo'),
('\'14\'', 'Santarém', 'Almeirim', 'Fazendas de Almeirim'),
('\'14\'', 'Santarém', 'Almeirim', 'Raposa'),
('\'14\'', 'Santarém', 'Alpiarça', 'Alpiarça'),
('\'14\'', 'Santarém', 'Benavente', 'Benavente'),
('\'14\'', 'Santarém', 'Benavente', 'Samora Correia'),
('\'14\'', 'Santarém', 'Benavente', 'Santo Estêvão'),
('\'14\'', 'Santarém', 'Benavente', 'Barrosa'),
('\'14\'', 'Santarém', 'Cartaxo', 'Pontével'),
('\'14\'', 'Santarém', 'Cartaxo', 'Valada'),
('\'14\'', 'Santarém', 'Cartaxo', 'Vila Chã de Ourique'),
('\'14\'', 'Santarém', 'Cartaxo', 'Vale da Pedra'),
('\'14\'', 'Santarém', 'Cartaxo', 'União das freguesias do Cartaxo e Vale da Pinta'),
('\'14\'', 'Santarém', 'Cartaxo', 'União das freguesias de Ereira e Lapa'),
('\'14\'', 'Santarém', 'Chamusca', 'Ulme'),
('\'14\'', 'Santarém', 'Chamusca', 'Vale de Cavalos'),
('\'14\'', 'Santarém', 'Chamusca', 'Carregueira'),
('\'14\'', 'Santarém', 'Chamusca', 'União das freguesias da Chamusca e Pinheiro Grande'),
('\'14\'', 'Santarém', 'Chamusca', 'União das freguesias de Parreira e Chouto'),
('\'14\'', 'Santarém', 'Constância', 'Constância'),
('\'14\'', 'Santarém', 'Constância', 'Montalvo'),
('\'14\'', 'Santarém', 'Constância', 'Santa Margarida da Coutada'),
('\'14\'', 'Santarém', 'Coruche', 'Couço'),
('\'14\'', 'Santarém', 'Coruche', 'São José da Lamarosa'),
('\'14\'', 'Santarém', 'Coruche', 'Branca'),
('\'14\'', 'Santarém', 'Coruche', 'Biscainho'),
('\'14\'', 'Santarém', 'Coruche', 'Santana do Mato'),
('\'14\'', 'Santarém', 'Coruche', 'União das freguesias de Coruche, Fajarda e Erra'),
('\'14\'', 'Santarém', 'Entroncamento', 'São João Baptista'),
('\'14\'', 'Santarém', 'Entroncamento', 'Nossa Senhora de Fátima'),
('\'14\'', 'Santarém', 'Ferreira do Zêzere', 'Águas Belas'),
('\'14\'', 'Santarém', 'Ferreira do Zêzere', 'Beco'),
('\'14\'', 'Santarém', 'Ferreira do Zêzere', 'Chãos'),
('\'14\'', 'Santarém', 'Ferreira do Zêzere', 'Ferreira do Zêzere'),
('\'14\'', 'Santarém', 'Ferreira do Zêzere', 'Igreja Nova do Sobral'),
('\'14\'', 'Santarém', 'Ferreira do Zêzere', 'Nossa Senhora do Pranto'),
('\'14\'', 'Santarém', 'Ferreira do Zêzere', 'União das freguesias de Areias e Pias'),
('\'14\'', 'Santarém', 'Golegã', 'Azinhaga'),
('\'14\'', 'Santarém', 'Golegã', 'Golegã'),
('\'14\'', 'Santarém', 'Golegã', 'Pombalinho'),
('\'14\'', 'Santarém', 'Mação', 'Amêndoa'),
('\'14\'', 'Santarém', 'Mação', 'Cardigos'),
('\'14\'', 'Santarém', 'Mação', 'Carvoeiro'),
('\'14\'', 'Santarém', 'Mação', 'Envendos'),
('\'14\'', 'Santarém', 'Mação', 'Ortiga'),
('\'14\'', 'Santarém', 'Mação', 'União das freguesias de Mação, Penhascoso e Aboboreira'),
('\'14\'', 'Santarém', 'Ourém', 'Alburitel'),
('\'14\'', 'Santarém', 'Ourém', 'Atouguia'),
('\'14\'', 'Santarém', 'Ourém', 'Caxarias'),
('\'14\'', 'Santarém', 'Ourém', 'Espite'),
('\'14\'', 'Santarém', 'Ourém', 'Fátima'),
('\'14\'', 'Santarém', 'Ourém', 'Nossa Senhora das Misericórdias'),
('\'14\'', 'Santarém', 'Ourém', 'Seiça'),
('\'14\'', 'Santarém', 'Ourém', 'Urqueira'),
('\'14\'', 'Santarém', 'Ourém', 'Nossa Senhora da Piedade'),
('\'14\'', 'Santarém', 'Ourém', 'União das freguesias de Freixianda, Ribeira do Fárrio e Formigais'),
('\'14\'', 'Santarém', 'Ourém', 'União das freguesias de Gondemaria e Olival'),
('\'14\'', 'Santarém', 'Ourém', 'União das freguesias de Matas e Cercal'),
('\'14\'', 'Santarém', 'Ourém', 'União das freguesias de Rio de Couros e Casal dos Bernardos'),
('\'14\'', 'Santarém', 'Rio Maior', 'Alcobertas'),
('\'14\'', 'Santarém', 'Rio Maior', 'Arrouquelas'),
('\'14\'', 'Santarém', 'Rio Maior', 'Fráguas'),
('\'14\'', 'Santarém', 'Rio Maior', 'Rio Maior'),
('\'14\'', 'Santarém', 'Rio Maior', 'Asseiceira'),
('\'14\'', 'Santarém', 'Rio Maior', 'São Sebastião'),
('\'14\'', 'Santarém', 'Rio Maior', 'União das freguesias de Azambujeira e Malaqueijo'),
('\'14\'', 'Santarém', 'Rio Maior', 'União das freguesias de Marmeleira e Assentiz'),
('\'14\'', 'Santarém', 'Rio Maior', 'União das freguesias de Outeiro da Cortiçada e Arruda dos Pisões'),
('\'14\'', 'Santarém', 'Rio Maior', 'União das freguesias de São João da Ribeira e Ribeira de São João'),
('\'14\'', 'Santarém', 'Salvaterra de Magos', 'Marinhais'),
('\'14\'', 'Santarém', 'Salvaterra de Magos', 'Muge'),
('\'14\'', 'Santarém', 'Salvaterra de Magos', 'União das freguesias de Glória do Ribatejo e Granho'),
('\'14\'', 'Santarém', 'Salvaterra de Magos', 'União das freguesias de Salvaterra de Magos e Foros de Salvaterra'),
('\'14\'', 'Santarém', 'Santarém', 'Abitureiras'),
('\'14\'', 'Santarém', 'Santarém', 'Abrã'),
('\'14\'', 'Santarém', 'Santarém', 'Alcanede'),
('\'14\'', 'Santarém', 'Santarém', 'Alcanhões'),
('\'14\'', 'Santarém', 'Santarém', 'Almoster'),
('\'14\'', 'Santarém', 'Santarém', 'Amiais de Baixo'),
('\'14\'', 'Santarém', 'Santarém', 'Arneiro das Milhariças'),
('\'14\'', 'Santarém', 'Santarém', 'Moçarria'),
('\'14\'', 'Santarém', 'Santarém', 'Pernes'),
('\'14\'', 'Santarém', 'Santarém', 'Póvoa da Isenta'),
('\'14\'', 'Santarém', 'Santarém', 'Vale de Santarém'),
('\'14\'', 'Santarém', 'Santarém', 'Gançaria'),
('\'14\'', 'Santarém', 'Santarém', 'União das freguesias de Achete, Azoia de Baixo e Póvoa de Santarém'),
('\'14\'', 'Santarém', 'Santarém', 'União das freguesias de Azoia de Cima e Tremês'),
('\'14\'', 'Santarém', 'Santarém', 'União das freguesias de Casével e Vaqueiros'),
('\'14\'', 'Santarém', 'Santarém', 'União das freguesias de Romeira e Várzea'),
('\'14\'', 'Santarém', 'Santarém', 'União das freguesias de Santarém (Marvila), Santa Iria da Ribeira de Santarém, Santarém (São Salvador) e Santarém (São Nicolau)'),
('\'14\'', 'Santarém', 'Santarém', 'União das freguesias de São Vicente do Paul e Vale de Figueira'),
('\'14\'', 'Santarém', 'Sardoal', 'Alcaravela'),
('\'14\'', 'Santarém', 'Sardoal', 'Santiago de Montalegre'),
('\'14\'', 'Santarém', 'Sardoal', 'Sardoal'),
('\'14\'', 'Santarém', 'Sardoal', 'Valhascos'),
('\'14\'', 'Santarém', 'Tomar', 'Asseiceira'),
('\'14\'', 'Santarém', 'Tomar', 'Carregueiros'),
('\'14\'', 'Santarém', 'Tomar', 'Olalhas'),
('\'14\'', 'Santarém', 'Tomar', 'Paialvo'),
('\'14\'', 'Santarém', 'Tomar', 'São Pedro de Tomar'),
('\'14\'', 'Santarém', 'Tomar', 'Sabacheira'),
('\'14\'', 'Santarém', 'Tomar', 'União das freguesias de Além da Ribeira e Pedreira'),
('\'14\'', 'Santarém', 'Tomar', 'União das freguesias de Casais e Alviobeira'),
('\'14\'', 'Santarém', 'Tomar', 'União das freguesias de Madalena e Beselga'),
('\'14\'', 'Santarém', 'Tomar', 'União das freguesias de Serra e Junceira'),
('\'14\'', 'Santarém', 'Tomar', 'União das freguesias de Tomar (São João Baptista) e Santa Maria dos Olivais'),
('\'14\'', 'Santarém', 'Torres Novas', 'Assentiz'),
('\'14\'', 'Santarém', 'Torres Novas', 'Chancelaria'),
('\'14\'', 'Santarém', 'Torres Novas', 'Pedrógão'),
('\'14\'', 'Santarém', 'Torres Novas', 'Riachos'),
('\'14\'', 'Santarém', 'Torres Novas', 'Zibreira'),
('\'14\'', 'Santarém', 'Torres Novas', 'Meia Via'),
('\'14\'', 'Santarém', 'Torres Novas', 'União das freguesias de Brogueira, Parceiros de Igreja e Alcorochel'),
('\'14\'', 'Santarém', 'Torres Novas', 'União das freguesias de Olaia e Paço'),
('\'14\'', 'Santarém', 'Torres Novas', 'União das freguesias de Torres Novas (Santa Maria, Salvador e Santiago)'),
('\'14\'', 'Santarém', 'Torres Novas', 'União das freguesias de Torres Novas (São Pedro), Lapas e Ribeira Branca'),
('\'14\'', 'Santarém', 'Vila Nova da Barquinha', 'Atalaia'),
('\'14\'', 'Santarém', 'Vila Nova da Barquinha', 'Praia do Ribatejo'),
('\'14\'', 'Santarém', 'Vila Nova da Barquinha', 'Tancos'),
('\'14\'', 'Santarém', 'Vila Nova da Barquinha', 'Vila Nova da Barquinha'),
('\'15\'', 'Setúbal', 'Alcácer do Sal', 'Torrão'),
('\'15\'', 'Setúbal', 'Alcácer do Sal', 'São Martinho'),
('\'15\'', 'Setúbal', 'Alcácer do Sal', 'Comporta'),
('\'15\'', 'Setúbal', 'Alcácer do Sal', 'União das freguesias de Alcácer do Sal (Santa Maria do Castelo e Santiago) e Santa Susana'),
('\'15\'', 'Setúbal', 'Alcochete', 'Alcochete'),
('\'15\'', 'Setúbal', 'Alcochete', 'Samouco'),
('\'15\'', 'Setúbal', 'Alcochete', 'São Francisco'),
('\'15\'', 'Setúbal', 'Almada', 'Costa da Caparica'),
('\'15\'', 'Setúbal', 'Almada', 'União das freguesias de Almada, Cova da Piedade, Pragal e Cacilhas'),
('\'15\'', 'Setúbal', 'Almada', 'União das freguesias de Caparica e Trafaria'),
('\'15\'', 'Setúbal', 'Almada', 'União das freguesias de Charneca de Caparica e Sobreda'),
('\'15\'', 'Setúbal', 'Almada', 'União das freguesias de Laranjeiro e Feijó'),
('\'15\'', 'Setúbal', 'Barreiro', 'Santo António da Charneca'),
('\'15\'', 'Setúbal', 'Barreiro', 'União das freguesias de Alto do Seixalinho, Santo André e Verderena'),
('\'15\'', 'Setúbal', 'Barreiro', 'União das freguesias de Barreiro e Lavradio'),
('\'15\'', 'Setúbal', 'Barreiro', 'União das freguesias de Palhais e Coina'),
('\'15\'', 'Setúbal', 'Grândola', 'Azinheira dos Barros e São Mamede do Sádão'),
('\'15\'', 'Setúbal', 'Grândola', 'Melides'),
('\'15\'', 'Setúbal', 'Grândola', 'Carvalhal'),
('\'15\'', 'Setúbal', 'Grândola', 'União das freguesias de Grândola e Santa Margarida da Serra'),
('\'15\'', 'Setúbal', 'Moita', 'Alhos Vedros'),
('\'15\'', 'Setúbal', 'Moita', 'Moita'),
('\'15\'', 'Setúbal', 'Moita', 'União das freguesias de Baixa da Banheira e Vale da Amoreira'),
('\'15\'', 'Setúbal', 'Moita', 'União das freguesias de Gaio-Rosário e Sarilhos Pequenos'),
('\'15\'', 'Setúbal', 'Montijo', 'Canha'),
('\'15\'', 'Setúbal', 'Montijo', 'Sarilhos Grandes'),
('\'15\'', 'Setúbal', 'Montijo', 'União das freguesias de Atalaia e Alto Estanqueiro-Jardia'),
('\'15\'', 'Setúbal', 'Montijo', 'União das freguesias de Montijo e Afonsoeiro'),
('\'15\'', 'Setúbal', 'Montijo', 'União das freguesias de Pegões'),
('\'15\'', 'Setúbal', 'Palmela', 'Palmela'),
('\'15\'', 'Setúbal', 'Palmela', 'Pinhal Novo'),
('\'15\'', 'Setúbal', 'Palmela', 'Quinta do Anjo'),
('\'15\'', 'Setúbal', 'Palmela', 'União das freguesias de Poceirão e Marateca'),
('\'15\'', 'Setúbal', 'Santiago do Cacém', 'Abela'),
('\'15\'', 'Setúbal', 'Santiago do Cacém', 'Alvalade'),
('\'15\'', 'Setúbal', 'Santiago do Cacém', 'Cercal'),
('\'15\'', 'Setúbal', 'Santiago do Cacém', 'Ermidas-Sado'),
('\'15\'', 'Setúbal', 'Santiago do Cacém', 'Santo André'),
('\'15\'', 'Setúbal', 'Santiago do Cacém', 'São Francisco da Serra'),
('\'15\'', 'Setúbal', 'Santiago do Cacém', 'União das freguesias de Santiago do Cacém, Santa Cruz e São Bartolomeu da Serra'),
('\'15\'', 'Setúbal', 'Santiago do Cacém', 'União das freguesias de São Domingos e Vale de Água'),
('\'15\'', 'Setúbal', 'Seixal', 'Amora'),
('\'15\'', 'Setúbal', 'Seixal', 'Corroios'),
('\'15\'', 'Setúbal', 'Seixal', 'Fernão Ferro'),
('\'15\'', 'Setúbal', 'Seixal', 'União das freguesias do Seixal, Arrentela e Aldeia de Paio Pires'),
('\'15\'', 'Setúbal', 'Sesimbra', 'Sesimbra (Castelo)'),
('\'15\'', 'Setúbal', 'Sesimbra', 'Sesimbra (Santiago)'),
('\'15\'', 'Setúbal', 'Sesimbra', 'Quinta do Conde'),
('\'15\'', 'Setúbal', 'Setúbal', 'Setúbal (São Sebastião)'),
('\'15\'', 'Setúbal', 'Setúbal', 'Gâmbia-Pontes-Alto da Guerra'),
('\'15\'', 'Setúbal', 'Setúbal', 'Sado'),
('\'15\'', 'Setúbal', 'Setúbal', 'União das freguesias de Azeitão (São Lourenço e São Simão)'),
('\'15\'', 'Setúbal', 'Setúbal', 'União das freguesias de Setúbal (São Julião, Nossa Senhora da Anunciada e Santa Maria da Graça)'),
('\'15\'', 'Setúbal', 'Sines', 'Sines'),
('\'15\'', 'Setúbal', 'Sines', 'Porto Covo'),
('\'16\'', 'Viana do Castelo', 'Arcos de Valdevez', 'Aboim das Choças'),
('\'16\'', 'Viana do Castelo', 'Arcos de Valdevez', 'Aguiã'),
('\'16\'', 'Viana do Castelo', 'Arcos de Valdevez', 'Ázere'),
('\'16\'', 'Viana do Castelo', 'Arcos de Valdevez', 'Cabana Maior'),
('\'16\'', 'Viana do Castelo', 'Arcos de Valdevez', 'Cabreiro'),
('\'16\'', 'Viana do Castelo', 'Arcos de Valdevez', 'Cendufe'),
('\'16\'', 'Viana do Castelo', 'Arcos de Valdevez', 'Couto'),
('\'16\'', 'Viana do Castelo', 'Arcos de Valdevez', 'Gavieira'),
('\'16\'', 'Viana do Castelo', 'Arcos de Valdevez', 'Gondoriz'),
('\'16\'', 'Viana do Castelo', 'Arcos de Valdevez', 'Miranda'),
('\'16\'', 'Viana do Castelo', 'Arcos de Valdevez', 'Monte Redondo'),
('\'16\'', 'Viana do Castelo', 'Arcos de Valdevez', 'Oliveira'),
('\'16\'', 'Viana do Castelo', 'Arcos de Valdevez', 'Paçô'),
('\'16\'', 'Viana do Castelo', 'Arcos de Valdevez', 'Padroso'),
('\'16\'', 'Viana do Castelo', 'Arcos de Valdevez', 'Prozelo'),
('\'16\'', 'Viana do Castelo', 'Arcos de Valdevez', 'Rio Frio'),
('\'16\'', 'Viana do Castelo', 'Arcos de Valdevez', 'Rio de Moinhos'),
('\'16\'', 'Viana do Castelo', 'Arcos de Valdevez', 'Sabadim'),
('\'16\'', 'Viana do Castelo', 'Arcos de Valdevez', 'Jolda (São Paio)'),
('\'16\'', 'Viana do Castelo', 'Arcos de Valdevez', 'Senharei'),
('\'16\'', 'Viana do Castelo', 'Arcos de Valdevez', 'Sistelo'),
('\'16\'', 'Viana do Castelo', 'Arcos de Valdevez', 'Soajo'),
('\'16\'', 'Viana do Castelo', 'Arcos de Valdevez', 'Vale'),
('\'16\'', 'Viana do Castelo', 'Arcos de Valdevez', 'União das freguesias de Alvora e Loureda'),
('\'16\'', 'Viana do Castelo', 'Arcos de Valdevez', 'União das freguesias de Arcos de Valdevez (São Paio) e Giela'),
('\'16\'', 'Viana do Castelo', 'Arcos de Valdevez', 'União das freguesias de Arcos de Valdevez (Salvador), Vila Fonche e Parada'),
('\'16\'', 'Viana do Castelo', 'Arcos de Valdevez', 'União das freguesias de Eiras e Mei'),
('\'16\'', 'Viana do Castelo', 'Arcos de Valdevez', 'União das freguesias de Grade e Carralcova'),
('\'16\'', 'Viana do Castelo', 'Arcos de Valdevez', 'União das freguesias de Guilhadeses e Santar'),
('\'16\'', 'Viana do Castelo', 'Arcos de Valdevez', 'União das freguesias de Jolda (Madalena) e Rio Cabrão'),
('\'16\'', 'Viana do Castelo', 'Arcos de Valdevez', 'União das freguesias de Padreiro (Salvador e Santa Cristina)'),
('\'16\'', 'Viana do Castelo', 'Arcos de Valdevez', 'União das freguesias de Portela e Extremo'),
('\'16\'', 'Viana do Castelo', 'Arcos de Valdevez', 'União das freguesias de São Jorge e Ermelo'),
('\'16\'', 'Viana do Castelo', 'Arcos de Valdevez', 'União das freguesias de Souto e Tabaçô'),
('\'16\'', 'Viana do Castelo', 'Arcos de Valdevez', 'União das freguesias de Távora (Santa Maria e São Vicente)'),
('\'16\'', 'Viana do Castelo', 'Arcos de Valdevez', 'União das freguesias de Vilela, São Cosme e São Damião e Sá'),
('\'16\'', 'Viana do Castelo', 'Caminha', 'Âncora'),
('\'16\'', 'Viana do Castelo', 'Caminha', 'Argela'),
('\'16\'', 'Viana do Castelo', 'Caminha', 'Dem'),
('\'16\'', 'Viana do Castelo', 'Caminha', 'Lanhelas'),
('\'16\'', 'Viana do Castelo', 'Caminha', 'Riba de Âncora'),
('\'16\'', 'Viana do Castelo', 'Caminha', 'Seixas'),
('\'16\'', 'Viana do Castelo', 'Caminha', 'Vila Praia de Âncora'),
('\'16\'', 'Viana do Castelo', 'Caminha', 'Vilar de Mouros'),
('\'16\'', 'Viana do Castelo', 'Caminha', 'Vile'),
('\'16\'', 'Viana do Castelo', 'Caminha', 'União das freguesias de Arga (Baixo, Cima e São João)'),
('\'16\'', 'Viana do Castelo', 'Caminha', 'União das freguesias de Caminha (Matriz) e Vilarelho'),
('\'16\'', 'Viana do Castelo', 'Caminha', 'União das freguesias de Gondar e Orbacém'),
('\'16\'', 'Viana do Castelo', 'Caminha', 'União das freguesias de Moledo e Cristelo'),
('\'16\'', 'Viana do Castelo', 'Caminha', 'União das freguesias de Venade e Azevedo'),
('\'16\'', 'Viana do Castelo', 'Melgaço', 'Alvaredo'),
('\'16\'', 'Viana do Castelo', 'Melgaço', 'Cousso'),
('\'16\'', 'Viana do Castelo', 'Melgaço', 'Cristoval'),
('\'16\'', 'Viana do Castelo', 'Melgaço', 'Fiães'),
('\'16\'', 'Viana do Castelo', 'Melgaço', 'Gave'),
('\'16\'', 'Viana do Castelo', 'Melgaço', 'Paderne'),
('\'16\'', 'Viana do Castelo', 'Melgaço', 'Penso'),
('\'16\'', 'Viana do Castelo', 'Melgaço', 'São Paio'),
('\'16\'', 'Viana do Castelo', 'Melgaço', 'União das freguesias de Castro Laboreiro e Lamas de Mouro'),
('\'16\'', 'Viana do Castelo', 'Melgaço', 'União das freguesias de Chaviães e Paços'),
('\'16\'', 'Viana do Castelo', 'Melgaço', 'União das freguesias de Parada do Monte e Cubalhão'),
('\'16\'', 'Viana do Castelo', 'Melgaço', 'União das freguesias de Prado e Remoães'),
('\'16\'', 'Viana do Castelo', 'Melgaço', 'União das freguesias de Vila e Roussas'),
('\'16\'', 'Viana do Castelo', 'Monção', 'Abedim'),
('\'16\'', 'Viana do Castelo', 'Monção', 'Barbeita'),
('\'16\'', 'Viana do Castelo', 'Monção', 'Barroças e Taias'),
('\'16\'', 'Viana do Castelo', 'Monção', 'Bela'),
('\'16\'', 'Viana do Castelo', 'Monção', 'Cambeses'),
('\'16\'', 'Viana do Castelo', 'Monção', 'Lara'),
('\'16\'', 'Viana do Castelo', 'Monção', 'Longos Vales'),
('\'16\'', 'Viana do Castelo', 'Monção', 'Merufe'),
('\'16\'', 'Viana do Castelo', 'Monção', 'Moreira'),
('\'16\'', 'Viana do Castelo', 'Monção', 'Pias'),
('\'16\'', 'Viana do Castelo', 'Monção', 'Pinheiros'),
('\'16\'', 'Viana do Castelo', 'Monção', 'Podame'),
('\'16\'', 'Viana do Castelo', 'Monção', 'Portela'),
('\'16\'', 'Viana do Castelo', 'Monção', 'Riba de Mouro'),
('\'16\'', 'Viana do Castelo', 'Monção', 'Segude'),
('\'16\'', 'Viana do Castelo', 'Monção', 'Tangil'),
('\'16\'', 'Viana do Castelo', 'Monção', 'Trute'),
('\'16\'', 'Viana do Castelo', 'Monção', 'União das freguesias de Anhões e Luzio'),
('\'16\'', 'Viana do Castelo', 'Monção', 'União das freguesias de Ceivães e Badim'),
('\'16\'', 'Viana do Castelo', 'Monção', 'União das freguesias de Mazedo e Cortes'),
('\'16\'', 'Viana do Castelo', 'Monção', 'União das freguesias de Messegães, Valadares e Sá'),
('\'16\'', 'Viana do Castelo', 'Monção', 'União das freguesias de Monção e Troviscoso'),
('\'16\'', 'Viana do Castelo', 'Monção', 'União das freguesias de Sago, Lordelo e Parada'),
('\'16\'', 'Viana do Castelo', 'Monção', 'União das freguesias de Troporiz e Lapela'),
('\'16\'', 'Viana do Castelo', 'Paredes de Coura', 'Agualonga'),
('\'16\'', 'Viana do Castelo', 'Paredes de Coura', 'Castanheira'),
('\'16\'', 'Viana do Castelo', 'Paredes de Coura', 'Coura'),
('\'16\'', 'Viana do Castelo', 'Paredes de Coura', 'Cunha'),
('\'16\'', 'Viana do Castelo', 'Paredes de Coura', 'Infesta'),
('\'16\'', 'Viana do Castelo', 'Paredes de Coura', 'Mozelos'),
('\'16\'', 'Viana do Castelo', 'Paredes de Coura', 'Padornelo'),
('\'16\'', 'Viana do Castelo', 'Paredes de Coura', 'Parada'),
('\'16\'', 'Viana do Castelo', 'Paredes de Coura', 'Romarigães'),
('\'16\'', 'Viana do Castelo', 'Paredes de Coura', 'Rubiães'),
('\'16\'', 'Viana do Castelo', 'Paredes de Coura', 'Vascões'),
('\'16\'', 'Viana do Castelo', 'Paredes de Coura', 'União das freguesias de Bico e Cristelo'),
('\'16\'', 'Viana do Castelo', 'Paredes de Coura', 'União das freguesias de Cossourado e Linhares'),
('\'16\'', 'Viana do Castelo', 'Paredes de Coura', 'União das freguesias de Formariz e Ferreira'),
('\'16\'', 'Viana do Castelo', 'Paredes de Coura', 'União das freguesias de Insalde e Porreiras'),
('\'16\'', 'Viana do Castelo', 'Paredes de Coura', 'União das freguesias de Paredes de Coura e Resende'),
('\'16\'', 'Viana do Castelo', 'Ponte da Barca', 'Azias'),
('\'16\'', 'Viana do Castelo', 'Ponte da Barca', 'Boivães'),
('\'16\'', 'Viana do Castelo', 'Ponte da Barca', 'Bravães'),
('\'16\'', 'Viana do Castelo', 'Ponte da Barca', 'Britelo'),
('\'16\'', 'Viana do Castelo', 'Ponte da Barca', 'Cuide de Vila Verde'),
('\'16\'', 'Viana do Castelo', 'Ponte da Barca', 'Lavradas'),
('\'16\'', 'Viana do Castelo', 'Ponte da Barca', 'Lindoso'),
('\'16\'', 'Viana do Castelo', 'Ponte da Barca', 'Nogueira'),
('\'16\'', 'Viana do Castelo', 'Ponte da Barca', 'Oleiros'),
('\'16\'', 'Viana do Castelo', 'Ponte da Barca', 'Sampriz'),
('\'16\'', 'Viana do Castelo', 'Ponte da Barca', 'Vade (São Pedro)'),
('\'16\'', 'Viana do Castelo', 'Ponte da Barca', 'Vade (São Tomé)'),
('\'16\'', 'Viana do Castelo', 'Ponte da Barca', 'União das freguesias de Crasto, Ruivos e Grovelas'),
('\'16\'', 'Viana do Castelo', 'Ponte da Barca', 'União das freguesias de Entre Ambos-os-Rios, Ermida e Germil'),
('\'16\'', 'Viana do Castelo', 'Ponte da Barca', 'União das freguesias de Ponte da Barca, Vila Nova de Muía e Paço Vedro de Magalhães'),
('\'16\'', 'Viana do Castelo', 'Ponte da Barca', 'União das freguesias de Touvedo (São Lourenço e Salvador)'),
('\'16\'', 'Viana do Castelo', 'Ponte da Barca', 'União das freguesias de Vila Chã (São João Baptista e Santiago)'),
('\'16\'', 'Viana do Castelo', 'Ponte de Lima', 'Anais'),
('\'16\'', 'Viana do Castelo', 'Ponte de Lima', 'São Pedro d\'Arcos'),
('\'16\'', 'Viana do Castelo', 'Ponte de Lima', 'Arcozelo'),
('\'16\'', 'Viana do Castelo', 'Ponte de Lima', 'Beiral do Lima'),
('\'16\'', 'Viana do Castelo', 'Ponte de Lima', 'Bertiandos'),
('\'16\'', 'Viana do Castelo', 'Ponte de Lima', 'Boalhosa'),
('\'16\'', 'Viana do Castelo', 'Ponte de Lima', 'Brandara'),
('\'16\'', 'Viana do Castelo', 'Ponte de Lima', 'Calheiros'),
('\'16\'', 'Viana do Castelo', 'Ponte de Lima', 'Calvelo'),
('\'16\'', 'Viana do Castelo', 'Ponte de Lima', 'Correlhã'),
('\'16\'', 'Viana do Castelo', 'Ponte de Lima', 'Estorãos'),
('\'16\'', 'Viana do Castelo', 'Ponte de Lima', 'Facha'),
('\'16\'', 'Viana do Castelo', 'Ponte de Lima', 'Feitosa'),
('\'16\'', 'Viana do Castelo', 'Ponte de Lima', 'Fontão'),
('\'16\'', 'Viana do Castelo', 'Ponte de Lima', 'Friastelas'),
('\'16\'', 'Viana do Castelo', 'Ponte de Lima', 'Gandra'),
('\'16\'', 'Viana do Castelo', 'Ponte de Lima', 'Gemieira'),
('\'16\'', 'Viana do Castelo', 'Ponte de Lima', 'Gondufe'),
('\'16\'', 'Viana do Castelo', 'Ponte de Lima', 'Labruja'),
('\'16\'', 'Viana do Castelo', 'Ponte de Lima', 'Poiares'),
('\'16\'', 'Viana do Castelo', 'Ponte de Lima', 'Refóios do Lima'),
('\'16\'', 'Viana do Castelo', 'Ponte de Lima', 'Ribeira'),
('\'16\'', 'Viana do Castelo', 'Ponte de Lima', 'Sá'),
('\'16\'', 'Viana do Castelo', 'Ponte de Lima', 'Santa Comba'),
('\'16\'', 'Viana do Castelo', 'Ponte de Lima', 'Santa Cruz do Lima'),
('\'16\'', 'Viana do Castelo', 'Ponte de Lima', 'Rebordões (Santa Maria)'),
('\'16\'', 'Viana do Castelo', 'Ponte de Lima', 'Seara'),
('\'16\'', 'Viana do Castelo', 'Ponte de Lima', 'Serdedelo'),
('\'16\'', 'Viana do Castelo', 'Ponte de Lima', 'Rebordões (Souto)'),
('\'16\'', 'Viana do Castelo', 'Ponte de Lima', 'Vitorino das Donas'),
('\'16\'', 'Viana do Castelo', 'Ponte de Lima', 'Arca e Ponte de Lima'),
('\'16\'', 'Viana do Castelo', 'Ponte de Lima', 'Ardegão, Freixo e Mato'),
('\'16\'', 'Viana do Castelo', 'Ponte de Lima', 'Associação de freguesias do Vale do Neiva'),
('\'16\'', 'Viana do Castelo', 'Ponte de Lima', 'Bárrio e Cepões'),
('\'16\'', 'Viana do Castelo', 'Ponte de Lima', 'Cabaços e Fojo Lobal'),
('\'16\'', 'Viana do Castelo', 'Ponte de Lima', 'Cabração e Moreira do Lima'),
('\'16\'', 'Viana do Castelo', 'Ponte de Lima', 'Fornelos e Queijada'),
('\'16\'', 'Viana do Castelo', 'Ponte de Lima', 'Labrujó, Rendufe e Vilar do Monte'),
('\'16\'', 'Viana do Castelo', 'Ponte de Lima', 'Navió e Vitorino dos Piães'),
('\'16\'', 'Viana do Castelo', 'Valença', 'Boivão'),
('\'16\'', 'Viana do Castelo', 'Valença', 'Cerdal'),
('\'16\'', 'Viana do Castelo', 'Valença', 'Fontoura'),
('\'16\'', 'Viana do Castelo', 'Valença', 'Friestas'),
('\'16\'', 'Viana do Castelo', 'Valença', 'Ganfei'),
('\'16\'', 'Viana do Castelo', 'Valença', 'São Pedro da Torre'),
('\'16\'', 'Viana do Castelo', 'Valença', 'Verdoejo'),
('\'16\'', 'Viana do Castelo', 'Valença', 'União das freguesias de Gandra e Taião'),
('\'16\'', 'Viana do Castelo', 'Valença', 'União das freguesias de Gondomil e Sanfins'),
('\'16\'', 'Viana do Castelo', 'Valença', 'União das freguesias de São Julião e Silva'),
('\'16\'', 'Viana do Castelo', 'Valença', 'União das freguesias de Valença, Cristelo Covo e Arão'),
('\'16\'', 'Viana do Castelo', 'Viana do Castelo', 'Afife'),
('\'16\'', 'Viana do Castelo', 'Viana do Castelo', 'Alvarães'),
('\'16\'', 'Viana do Castelo', 'Viana do Castelo', 'Amonde'),
('\'16\'', 'Viana do Castelo', 'Viana do Castelo', 'Anha'),
('\'16\'', 'Viana do Castelo', 'Viana do Castelo', 'Areosa'),
('\'16\'', 'Viana do Castelo', 'Viana do Castelo', 'Carreço'),
('\'16\'', 'Viana do Castelo', 'Viana do Castelo', 'Castelo do Neiva'),
('\'16\'', 'Viana do Castelo', 'Viana do Castelo', 'Darque'),
('\'16\'', 'Viana do Castelo', 'Viana do Castelo', 'Freixieiro de Soutelo'),
('\'16\'', 'Viana do Castelo', 'Viana do Castelo', 'Lanheses'),
('\'16\'', 'Viana do Castelo', 'Viana do Castelo', 'Montaria'),
('\'16\'', 'Viana do Castelo', 'Viana do Castelo', 'Mujães'),
('\'16\'', 'Viana do Castelo', 'Viana do Castelo', 'São Romão de Neiva'),
('\'16\'', 'Viana do Castelo', 'Viana do Castelo', 'Outeiro'),
('\'16\'', 'Viana do Castelo', 'Viana do Castelo', 'Perre'),
('\'16\'', 'Viana do Castelo', 'Viana do Castelo', 'Santa Marta de Portuzelo'),
('\'16\'', 'Viana do Castelo', 'Viana do Castelo', 'Vila Franca'),
('\'16\'', 'Viana do Castelo', 'Viana do Castelo', 'Vila de Punhe'),
('\'16\'', 'Viana do Castelo', 'Viana do Castelo', 'Chafé'),
('\'16\'', 'Viana do Castelo', 'Viana do Castelo', 'União das freguesias de Barroselas e Carvoeiro'),
('\'16\'', 'Viana do Castelo', 'Viana do Castelo', 'União das freguesias de Cardielos e Serreleis'),
('\'16\'', 'Viana do Castelo', 'Viana do Castelo', 'União das freguesias de Geraz do Lima (Santa Maria, Santa Leocádia e Moreira) e Deão'),
('\'16\'', 'Viana do Castelo', 'Viana do Castelo', 'União das freguesias de Mazarefes e Vila Fria'),
('\'16\'', 'Viana do Castelo', 'Viana do Castelo', 'União das freguesias de Nogueira, Meixedo e Vilar de Murteda'),
('\'16\'', 'Viana do Castelo', 'Viana do Castelo', 'União das freguesias de Subportela, Deocriste e Portela Susã'),
('\'16\'', 'Viana do Castelo', 'Viana do Castelo', 'União das freguesias de Torre e Vila Mou'),
('\'16\'', 'Viana do Castelo', 'Viana do Castelo', 'União das freguesias de Viana do Castelo (Santa Maria Maior e Monserrate) e Meadela'),
('\'16\'', 'Viana do Castelo', 'Vila Nova de Cerveira', 'Cornes'),
('\'16\'', 'Viana do Castelo', 'Vila Nova de Cerveira', 'Covas'),
('\'16\'', 'Viana do Castelo', 'Vila Nova de Cerveira', 'Gondarém'),
('\'16\'', 'Viana do Castelo', 'Vila Nova de Cerveira', 'Loivo'),
('\'16\'', 'Viana do Castelo', 'Vila Nova de Cerveira', 'Mentrestido'),
('\'16\'', 'Viana do Castelo', 'Vila Nova de Cerveira', 'Sapardos'),
('\'16\'', 'Viana do Castelo', 'Vila Nova de Cerveira', 'Sopo'),
('\'16\'', 'Viana do Castelo', 'Vila Nova de Cerveira', 'União das freguesias de Campos e Vila Meã'),
('\'16\'', 'Viana do Castelo', 'Vila Nova de Cerveira', 'União das freguesias de Candemil e Gondar'),
('\'16\'', 'Viana do Castelo', 'Vila Nova de Cerveira', 'União das freguesias de Reboreda e Nogueira'),
('\'16\'', 'Viana do Castelo', 'Vila Nova de Cerveira', 'União das freguesias de Vila Nova de Cerveira e Lovelhe'),
('\'17\'', 'Vila Real', 'Alijó', 'Alijó'),
('\'17\'', 'Vila Real', 'Alijó', 'Favaios'),
('\'17\'', 'Vila Real', 'Alijó', 'Pegarinhos'),
('\'17\'', 'Vila Real', 'Alijó', 'Pinhão'),
('\'17\'', 'Vila Real', 'Alijó', 'Sanfins do Douro'),
('\'17\'', 'Vila Real', 'Alijó', 'Santa Eugénia'),
('\'17\'', 'Vila Real', 'Alijó', 'São Mamede de Ribatua'),
('\'17\'', 'Vila Real', 'Alijó', 'Vila Chã'),
('\'17\'', 'Vila Real', 'Alijó', 'Vila Verde'),
('\'17\'', 'Vila Real', 'Alijó', 'Vilar de Maçada'),
('\'17\'', 'Vila Real', 'Alijó', 'União das freguesias de Carlão e Amieiro'),
('\'17\'', 'Vila Real', 'Alijó', 'União das freguesias de Castedo e Cotas'),
('\'17\'', 'Vila Real', 'Alijó', 'União das freguesias de Pópulo e Ribalonga'),
('\'17\'', 'Vila Real', 'Alijó', 'União das freguesias de Vale de Mendiz, Casal de Loivos e Vilarinho de Cotas'),
('\'17\'', 'Vila Real', 'Boticas', 'Beça'),
('\'17\'', 'Vila Real', 'Boticas', 'Covas do Barroso'),
('\'17\'', 'Vila Real', 'Boticas', 'Dornelas'),
('\'17\'', 'Vila Real', 'Boticas', 'Pinho'),
('\'17\'', 'Vila Real', 'Boticas', 'Sapiãos'),
('\'17\'', 'Vila Real', 'Boticas', 'Alturas do Barroso e Cerdedo'),
('\'17\'', 'Vila Real', 'Boticas', 'Ardãos e Bobadela'),
('\'17\'', 'Vila Real', 'Boticas', 'Boticas e Granja'),
('\'17\'', 'Vila Real', 'Boticas', 'Codessoso, Curros e Fiães do Tâmega'),
('\'17\'', 'Vila Real', 'Boticas', 'Vilar e Viveiro'),
('\'17\'', 'Vila Real', 'Chaves', 'Águas Frias'),
('\'17\'', 'Vila Real', 'Chaves', 'Anelhe'),
('\'17\'', 'Vila Real', 'Chaves', 'Bustelo'),
('\'17\'', 'Vila Real', 'Chaves', 'Cimo de Vila da Castanheira'),
('\'17\'', 'Vila Real', 'Chaves', 'Curalha'),
('\'17\'', 'Vila Real', 'Chaves', 'Ervededo'),
('\'17\'', 'Vila Real', 'Chaves', 'Faiões'),
('\'17\'', 'Vila Real', 'Chaves', 'Lama de Arcos');
INSERT INTO `localizacao` (`id_distrito`, `distrito`, `conselho`, `freguesia`) VALUES
('\'17\'', 'Vila Real', 'Chaves', 'Mairos'),
('\'17\'', 'Vila Real', 'Chaves', 'Moreiras'),
('\'17\'', 'Vila Real', 'Chaves', 'Nogueira da Montanha'),
('\'17\'', 'Vila Real', 'Chaves', 'Oura'),
('\'17\'', 'Vila Real', 'Chaves', 'Outeiro Seco'),
('\'17\'', 'Vila Real', 'Chaves', 'Paradela'),
('\'17\'', 'Vila Real', 'Chaves', 'Redondelo'),
('\'17\'', 'Vila Real', 'Chaves', 'Sanfins'),
('\'17\'', 'Vila Real', 'Chaves', 'Santa Leocádia'),
('\'17\'', 'Vila Real', 'Chaves', 'Santo António de Monforte'),
('\'17\'', 'Vila Real', 'Chaves', 'Santo Estêvão'),
('\'17\'', 'Vila Real', 'Chaves', 'São Pedro de Agostém'),
('\'17\'', 'Vila Real', 'Chaves', 'São Vicente'),
('\'17\'', 'Vila Real', 'Chaves', 'Tronco'),
('\'17\'', 'Vila Real', 'Chaves', 'Vale de Anta'),
('\'17\'', 'Vila Real', 'Chaves', 'Vila Verde da Raia'),
('\'17\'', 'Vila Real', 'Chaves', 'Vilar de Nantes'),
('\'17\'', 'Vila Real', 'Chaves', 'Vilarelho da Raia'),
('\'17\'', 'Vila Real', 'Chaves', 'Vilas Boas'),
('\'17\'', 'Vila Real', 'Chaves', 'Vilela Seca'),
('\'17\'', 'Vila Real', 'Chaves', 'Vilela do Tâmega'),
('\'17\'', 'Vila Real', 'Chaves', 'Santa Maria Maior'),
('\'17\'', 'Vila Real', 'Chaves', 'Planalto de Monforte (União das freguesias de Oucidres e Bobadela)'),
('\'17\'', 'Vila Real', 'Chaves', 'União das freguesias da Madalena e Samaiões'),
('\'17\'', 'Vila Real', 'Chaves', 'União das freguesias das Eiras, São Julião de Montenegro e Cela'),
('\'17\'', 'Vila Real', 'Chaves', 'União das freguesias de Calvão e Soutelinho da Raia'),
('\'17\'', 'Vila Real', 'Chaves', 'União das freguesias de Loivos e Póvoa de Agrações'),
('\'17\'', 'Vila Real', 'Chaves', 'União das freguesias de Santa Cruz/Trindade e Sanjurge'),
('\'17\'', 'Vila Real', 'Chaves', 'União das freguesias de Soutelo e Seara Velha'),
('\'17\'', 'Vila Real', 'Chaves', 'União das freguesias de Travancas e Roriz'),
('\'17\'', 'Vila Real', 'Chaves', 'Vidago (União das freguesias de Vidago, Arcossó, Selhariz e Vilarinho das Paranheiras)'),
('\'17\'', 'Vila Real', 'Mesão Frio', 'Barqueiros'),
('\'17\'', 'Vila Real', 'Mesão Frio', 'Cidadelhe'),
('\'17\'', 'Vila Real', 'Mesão Frio', 'Oliveira'),
('\'17\'', 'Vila Real', 'Mesão Frio', 'Vila Marim'),
('\'17\'', 'Vila Real', 'Mesão Frio', 'Mesão Frio (Santo André)'),
('\'17\'', 'Vila Real', 'Mondim de Basto', 'Atei'),
('\'17\'', 'Vila Real', 'Mondim de Basto', 'Bilhó'),
('\'17\'', 'Vila Real', 'Mondim de Basto', 'Mondim de Basto'),
('\'17\'', 'Vila Real', 'Mondim de Basto', 'Vilar de Ferreiros'),
('\'17\'', 'Vila Real', 'Mondim de Basto', 'União das freguesias de Campanhó e Paradança'),
('\'17\'', 'Vila Real', 'Mondim de Basto', 'União das freguesias de Ermelo e Pardelhas'),
('\'17\'', 'Vila Real', 'Montalegre', 'Cabril'),
('\'17\'', 'Vila Real', 'Montalegre', 'Cervos'),
('\'17\'', 'Vila Real', 'Montalegre', 'Chã'),
('\'17\'', 'Vila Real', 'Montalegre', 'Covelo do Gerês'),
('\'17\'', 'Vila Real', 'Montalegre', 'Ferral'),
('\'17\'', 'Vila Real', 'Montalegre', 'Gralhas'),
('\'17\'', 'Vila Real', 'Montalegre', 'Morgade'),
('\'17\'', 'Vila Real', 'Montalegre', 'Negrões'),
('\'17\'', 'Vila Real', 'Montalegre', 'Outeiro'),
('\'17\'', 'Vila Real', 'Montalegre', 'Pitões das Junias'),
('\'17\'', 'Vila Real', 'Montalegre', 'Reigoso'),
('\'17\'', 'Vila Real', 'Montalegre', 'Salto'),
('\'17\'', 'Vila Real', 'Montalegre', 'Santo André'),
('\'17\'', 'Vila Real', 'Montalegre', 'Sarraquinhos'),
('\'17\'', 'Vila Real', 'Montalegre', 'Solveira'),
('\'17\'', 'Vila Real', 'Montalegre', 'Tourém'),
('\'17\'', 'Vila Real', 'Montalegre', 'Vila da Ponte'),
('\'17\'', 'Vila Real', 'Montalegre', 'União das freguesias de Cambeses do Rio, Donões e Mourilhe'),
('\'17\'', 'Vila Real', 'Montalegre', 'União das freguesias de Meixedo e Padornelos'),
('\'17\'', 'Vila Real', 'Montalegre', 'União das freguesias de Montalegre e Padroso'),
('\'17\'', 'Vila Real', 'Montalegre', 'União das freguesias de Paradela, Contim e Fiães'),
('\'17\'', 'Vila Real', 'Montalegre', 'União das freguesias de Sezelhe e Covelães'),
('\'17\'', 'Vila Real', 'Montalegre', 'União das freguesias de Venda Nova e Pondras'),
('\'17\'', 'Vila Real', 'Montalegre', 'União das freguesias de Viade de Baixo e Fervidelas'),
('\'17\'', 'Vila Real', 'Montalegre', 'União das freguesias de Vilar de Perdizes e Meixide'),
('\'17\'', 'Vila Real', 'Murça', 'Candedo'),
('\'17\'', 'Vila Real', 'Murça', 'Fiolhoso'),
('\'17\'', 'Vila Real', 'Murça', 'Jou'),
('\'17\'', 'Vila Real', 'Murça', 'Murça'),
('\'17\'', 'Vila Real', 'Murça', 'Valongo de Milhais'),
('\'17\'', 'Vila Real', 'Murça', 'União das freguesias de Carva e Vilares'),
('\'17\'', 'Vila Real', 'Murça', 'União das freguesias de Noura e Palheiros'),
('\'17\'', 'Vila Real', 'Peso da Régua', 'Fontelas'),
('\'17\'', 'Vila Real', 'Peso da Régua', 'Loureiro'),
('\'17\'', 'Vila Real', 'Peso da Régua', 'Sedielos'),
('\'17\'', 'Vila Real', 'Peso da Régua', 'Vilarinho dos Freires'),
('\'17\'', 'Vila Real', 'Peso da Régua', 'União das freguesias de Galafura e Covelinhas'),
('\'17\'', 'Vila Real', 'Peso da Régua', 'União das freguesias de Moura Morta e Vinhós'),
('\'17\'', 'Vila Real', 'Peso da Régua', 'União das freguesias de Peso da Régua e Godim'),
('\'17\'', 'Vila Real', 'Peso da Régua', 'União das freguesias de Poiares e Canelas'),
('\'17\'', 'Vila Real', 'Ribeira de Pena', 'Alvadia'),
('\'17\'', 'Vila Real', 'Ribeira de Pena', 'Canedo'),
('\'17\'', 'Vila Real', 'Ribeira de Pena', 'Santa Marinha'),
('\'17\'', 'Vila Real', 'Ribeira de Pena', 'União das freguesias de Cerva e Limões'),
('\'17\'', 'Vila Real', 'Ribeira de Pena', 'União das freguesias de Ribeira de Pena (Salvador) e Santo Aleixo de Além-Tâmega'),
('\'17\'', 'Vila Real', 'Sabrosa', 'Celeirós'),
('\'17\'', 'Vila Real', 'Sabrosa', 'Covas do Douro'),
('\'17\'', 'Vila Real', 'Sabrosa', 'Gouvinhas'),
('\'17\'', 'Vila Real', 'Sabrosa', 'Parada de Pinhão'),
('\'17\'', 'Vila Real', 'Sabrosa', 'Paços'),
('\'17\'', 'Vila Real', 'Sabrosa', 'Sabrosa'),
('\'17\'', 'Vila Real', 'Sabrosa', 'São Lourenço de Ribapinhão'),
('\'17\'', 'Vila Real', 'Sabrosa', 'Souto Maior'),
('\'17\'', 'Vila Real', 'Sabrosa', 'Torre do Pinhão'),
('\'17\'', 'Vila Real', 'Sabrosa', 'Vilarinho de São Romão'),
('\'17\'', 'Vila Real', 'Sabrosa', 'União das freguesias de Provesende, Gouvães do Douro e São Cristóvão do Douro'),
('\'17\'', 'Vila Real', 'Sabrosa', 'União das freguesias de São Martinho de Antas e Paradela de Guiães'),
('\'17\'', 'Vila Real', 'Santa Marta de Penaguião', 'Alvações do Corgo'),
('\'17\'', 'Vila Real', 'Santa Marta de Penaguião', 'Cumieira'),
('\'17\'', 'Vila Real', 'Santa Marta de Penaguião', 'Fontes'),
('\'17\'', 'Vila Real', 'Santa Marta de Penaguião', 'Medrões'),
('\'17\'', 'Vila Real', 'Santa Marta de Penaguião', 'Sever'),
('\'17\'', 'Vila Real', 'Santa Marta de Penaguião', 'União das freguesias de Lobrigos (São Miguel e São João Baptista) e Sanhoane'),
('\'17\'', 'Vila Real', 'Santa Marta de Penaguião', 'União das freguesias de Louredo e Fornelos'),
('\'17\'', 'Vila Real', 'Valpaços', 'Água Revés e Crasto'),
('\'17\'', 'Vila Real', 'Valpaços', 'Algeriz'),
('\'17\'', 'Vila Real', 'Valpaços', 'Bouçoães'),
('\'17\'', 'Vila Real', 'Valpaços', 'Canaveses'),
('\'17\'', 'Vila Real', 'Valpaços', 'Ervões'),
('\'17\'', 'Vila Real', 'Valpaços', 'Fornos do Pinhal'),
('\'17\'', 'Vila Real', 'Valpaços', 'Friões'),
('\'17\'', 'Vila Real', 'Valpaços', 'Padrela e Tazem'),
('\'17\'', 'Vila Real', 'Valpaços', 'Possacos'),
('\'17\'', 'Vila Real', 'Valpaços', 'Rio Torto'),
('\'17\'', 'Vila Real', 'Valpaços', 'Santa Maria de Emeres'),
('\'17\'', 'Vila Real', 'Valpaços', 'Santa Valha'),
('\'17\'', 'Vila Real', 'Valpaços', 'Santiago da Ribeira de Alhariz'),
('\'17\'', 'Vila Real', 'Valpaços', 'São João da Corveira'),
('\'17\'', 'Vila Real', 'Valpaços', 'São Pedro de Veiga de Lila'),
('\'17\'', 'Vila Real', 'Valpaços', 'Serapicos'),
('\'17\'', 'Vila Real', 'Valpaços', 'Vales'),
('\'17\'', 'Vila Real', 'Valpaços', 'Vassal'),
('\'17\'', 'Vila Real', 'Valpaços', 'Veiga de Lila'),
('\'17\'', 'Vila Real', 'Valpaços', 'Vilarandelo'),
('\'17\'', 'Vila Real', 'Valpaços', 'Carrazedo de Montenegro e Curros'),
('\'17\'', 'Vila Real', 'Valpaços', 'Lebução, Fiães e Nozelos'),
('\'17\'', 'Vila Real', 'Valpaços', 'Sonim e Barreiros'),
('\'17\'', 'Vila Real', 'Valpaços', 'Tinhela e Alvarelhos'),
('\'17\'', 'Vila Real', 'Valpaços', 'Valpaços e Sanfins'),
('\'17\'', 'Vila Real', 'Vila Pouca de Aguiar', 'Alfarela de Jales'),
('\'17\'', 'Vila Real', 'Vila Pouca de Aguiar', 'Bornes de Aguiar'),
('\'17\'', 'Vila Real', 'Vila Pouca de Aguiar', 'Bragado'),
('\'17\'', 'Vila Real', 'Vila Pouca de Aguiar', 'Capeludos'),
('\'17\'', 'Vila Real', 'Vila Pouca de Aguiar', 'Soutelo de Aguiar'),
('\'17\'', 'Vila Real', 'Vila Pouca de Aguiar', 'Telões'),
('\'17\'', 'Vila Real', 'Vila Pouca de Aguiar', 'Tresminas'),
('\'17\'', 'Vila Real', 'Vila Pouca de Aguiar', 'Valoura'),
('\'17\'', 'Vila Real', 'Vila Pouca de Aguiar', 'Vila Pouca de Aguiar'),
('\'17\'', 'Vila Real', 'Vila Pouca de Aguiar', 'Vreia de Bornes'),
('\'17\'', 'Vila Real', 'Vila Pouca de Aguiar', 'Vreia de Jales'),
('\'17\'', 'Vila Real', 'Vila Pouca de Aguiar', 'Sabroso de Aguiar'),
('\'17\'', 'Vila Real', 'Vila Pouca de Aguiar', 'Alvão'),
('\'17\'', 'Vila Real', 'Vila Pouca de Aguiar', 'União das freguesias de Pensalvos e Parada de Monteiros'),
('\'17\'', 'Vila Real', 'Vila Real', 'Abaças'),
('\'17\'', 'Vila Real', 'Vila Real', 'Andrães'),
('\'17\'', 'Vila Real', 'Vila Real', 'Arroios'),
('\'17\'', 'Vila Real', 'Vila Real', 'Campeã'),
('\'17\'', 'Vila Real', 'Vila Real', 'Folhadela'),
('\'17\'', 'Vila Real', 'Vila Real', 'Guiães'),
('\'17\'', 'Vila Real', 'Vila Real', 'Lordelo'),
('\'17\'', 'Vila Real', 'Vila Real', 'Mateus'),
('\'17\'', 'Vila Real', 'Vila Real', 'Mondrões'),
('\'17\'', 'Vila Real', 'Vila Real', 'Parada de Cunhos'),
('\'17\'', 'Vila Real', 'Vila Real', 'Torgueda'),
('\'17\'', 'Vila Real', 'Vila Real', 'Vila Marim'),
('\'17\'', 'Vila Real', 'Vila Real', 'União das freguesias de Adoufe e Vilarinho de Samardã'),
('\'17\'', 'Vila Real', 'Vila Real', 'União das freguesias de Borbela e Lamas de Olo'),
('\'17\'', 'Vila Real', 'Vila Real', 'União das freguesias de Constantim e Vale de Nogueiras'),
('\'17\'', 'Vila Real', 'Vila Real', 'União das freguesias de Mouçós e Lamares'),
('\'17\'', 'Vila Real', 'Vila Real', 'União das freguesias de Nogueira e Ermida'),
('\'17\'', 'Vila Real', 'Vila Real', 'União das freguesias de Pena, Quintã e Vila Cova'),
('\'17\'', 'Vila Real', 'Vila Real', 'União das freguesias de São Tomé do Castelo e Justes'),
('\'17\'', 'Vila Real', 'Vila Real', 'União das freguesias de Vila Real (Nossa Senhora da Conceição, São Pedro e São Dinis)'),
('\'18\'', 'Viseu', 'Armamar', 'Aldeias'),
('\'18\'', 'Viseu', 'Armamar', 'Cimbres'),
('\'18\'', 'Viseu', 'Armamar', 'Folgosa'),
('\'18\'', 'Viseu', 'Armamar', 'Fontelo'),
('\'18\'', 'Viseu', 'Armamar', 'Queimada'),
('\'18\'', 'Viseu', 'Armamar', 'Queimadela'),
('\'18\'', 'Viseu', 'Armamar', 'Santa Cruz'),
('\'18\'', 'Viseu', 'Armamar', 'São Cosmado'),
('\'18\'', 'Viseu', 'Armamar', 'São Martinho das Chãs'),
('\'18\'', 'Viseu', 'Armamar', 'Vacalar'),
('\'18\'', 'Viseu', 'Armamar', 'Armamar'),
('\'18\'', 'Viseu', 'Armamar', 'União das freguesias de Aricera e Goujoim'),
('\'18\'', 'Viseu', 'Armamar', 'União das freguesias de São Romão e Santiago'),
('\'18\'', 'Viseu', 'Armamar', 'União das freguesias de Vila Seca e Santo Adrião'),
('\'18\'', 'Viseu', 'Carregal do Sal', 'Beijós'),
('\'18\'', 'Viseu', 'Carregal do Sal', 'Cabanas de Viriato'),
('\'18\'', 'Viseu', 'Carregal do Sal', 'Oliveira do Conde'),
('\'18\'', 'Viseu', 'Carregal do Sal', 'Parada'),
('\'18\'', 'Viseu', 'Carregal do Sal', 'União das freguesias de Currelos, Papízios e Sobral'),
('\'18\'', 'Viseu', 'Castro Daire', 'Almofala'),
('\'18\'', 'Viseu', 'Castro Daire', 'Cabril'),
('\'18\'', 'Viseu', 'Castro Daire', 'Castro Daire'),
('\'18\'', 'Viseu', 'Castro Daire', 'Cujó'),
('\'18\'', 'Viseu', 'Castro Daire', 'Gosende'),
('\'18\'', 'Viseu', 'Castro Daire', 'Mões'),
('\'18\'', 'Viseu', 'Castro Daire', 'Moledo'),
('\'18\'', 'Viseu', 'Castro Daire', 'Monteiras'),
('\'18\'', 'Viseu', 'Castro Daire', 'Pepim'),
('\'18\'', 'Viseu', 'Castro Daire', 'Pinheiro'),
('\'18\'', 'Viseu', 'Castro Daire', 'São Joaninho'),
('\'18\'', 'Viseu', 'Castro Daire', 'União das freguesias de Mamouros, Alva e Ribolhos'),
('\'18\'', 'Viseu', 'Castro Daire', 'União das freguesias de Mezio e Moura Morta'),
('\'18\'', 'Viseu', 'Castro Daire', 'União das freguesias de Parada de Ester e Ester'),
('\'18\'', 'Viseu', 'Castro Daire', 'União das freguesias de Picão e Ermida'),
('\'18\'', 'Viseu', 'Castro Daire', 'União das freguesias de Reriz e Gafanhão'),
('\'18\'', 'Viseu', 'Cinfães', 'Cinfães'),
('\'18\'', 'Viseu', 'Cinfães', 'Espadanedo'),
('\'18\'', 'Viseu', 'Cinfães', 'Ferreiros de Tendais'),
('\'18\'', 'Viseu', 'Cinfães', 'Fornelos'),
('\'18\'', 'Viseu', 'Cinfães', 'Moimenta'),
('\'18\'', 'Viseu', 'Cinfães', 'Nespereira'),
('\'18\'', 'Viseu', 'Cinfães', 'Oliveira do Douro'),
('\'18\'', 'Viseu', 'Cinfães', 'Santiago de Piães'),
('\'18\'', 'Viseu', 'Cinfães', 'São Cristóvão de Nogueira'),
('\'18\'', 'Viseu', 'Cinfães', 'Souselo'),
('\'18\'', 'Viseu', 'Cinfães', 'Tarouquela'),
('\'18\'', 'Viseu', 'Cinfães', 'Tendais'),
('\'18\'', 'Viseu', 'Cinfães', 'Travanca'),
('\'18\'', 'Viseu', 'Cinfães', 'União das freguesias de Alhões, Bustelo, Gralheira e Ramires'),
('\'18\'', 'Viseu', 'Lamego', 'Avões'),
('\'18\'', 'Viseu', 'Lamego', 'Britiande'),
('\'18\'', 'Viseu', 'Lamego', 'Cambres'),
('\'18\'', 'Viseu', 'Lamego', 'Ferreirim'),
('\'18\'', 'Viseu', 'Lamego', 'Ferreiros de Avões'),
('\'18\'', 'Viseu', 'Lamego', 'Figueira'),
('\'18\'', 'Viseu', 'Lamego', 'Lalim'),
('\'18\'', 'Viseu', 'Lamego', 'Lazarim'),
('\'18\'', 'Viseu', 'Lamego', 'Penajóia'),
('\'18\'', 'Viseu', 'Lamego', 'Penude'),
('\'18\'', 'Viseu', 'Lamego', 'Samodães'),
('\'18\'', 'Viseu', 'Lamego', 'Sande'),
('\'18\'', 'Viseu', 'Lamego', 'Várzea de Abrunhais'),
('\'18\'', 'Viseu', 'Lamego', 'Vila Nova de Souto d\'El-Rei'),
('\'18\'', 'Viseu', 'Lamego', 'Lamego (Almacave e Sé)'),
('\'18\'', 'Viseu', 'Lamego', 'União das freguesias de Bigorne, Magueija e Pretarouca'),
('\'18\'', 'Viseu', 'Lamego', 'União das freguesias de Cepões, Meijinhos e Melcões'),
('\'18\'', 'Viseu', 'Lamego', 'União das freguesias de Parada do Bispo e Valdigem'),
('\'18\'', 'Viseu', 'Mangualde', 'Abrunhosa-a-Velha'),
('\'18\'', 'Viseu', 'Mangualde', 'Alcafache'),
('\'18\'', 'Viseu', 'Mangualde', 'Cunha Baixa'),
('\'18\'', 'Viseu', 'Mangualde', 'Espinho'),
('\'18\'', 'Viseu', 'Mangualde', 'Fornos de Maceira Dão'),
('\'18\'', 'Viseu', 'Mangualde', 'Freixiosa'),
('\'18\'', 'Viseu', 'Mangualde', 'Quintela de Azurara'),
('\'18\'', 'Viseu', 'Mangualde', 'São João da Fresta'),
('\'18\'', 'Viseu', 'Mangualde', 'União das freguesias de Mangualde, Mesquitela e Cunha Alta'),
('\'18\'', 'Viseu', 'Mangualde', 'União das freguesias de Moimenta de Maceira Dão e Lobelhe do Mato'),
('\'18\'', 'Viseu', 'Mangualde', 'União das freguesias de Santiago de Cassurrães e Póvoa de Cervães'),
('\'18\'', 'Viseu', 'Mangualde', 'União das freguesias de Tavares (Chãs, Várzea e Travanca)'),
('\'18\'', 'Viseu', 'Moimenta da Beira', 'Alvite'),
('\'18\'', 'Viseu', 'Moimenta da Beira', 'Arcozelos'),
('\'18\'', 'Viseu', 'Moimenta da Beira', 'Baldos'),
('\'18\'', 'Viseu', 'Moimenta da Beira', 'Cabaços'),
('\'18\'', 'Viseu', 'Moimenta da Beira', 'Caria'),
('\'18\'', 'Viseu', 'Moimenta da Beira', 'Castelo'),
('\'18\'', 'Viseu', 'Moimenta da Beira', 'Leomil'),
('\'18\'', 'Viseu', 'Moimenta da Beira', 'Moimenta da Beira'),
('\'18\'', 'Viseu', 'Moimenta da Beira', 'Passô'),
('\'18\'', 'Viseu', 'Moimenta da Beira', 'Rua'),
('\'18\'', 'Viseu', 'Moimenta da Beira', 'Sarzedo'),
('\'18\'', 'Viseu', 'Moimenta da Beira', 'Sever'),
('\'18\'', 'Viseu', 'Moimenta da Beira', 'Vilar'),
('\'18\'', 'Viseu', 'Moimenta da Beira', 'União das freguesias de Paradinha e Nagosa'),
('\'18\'', 'Viseu', 'Moimenta da Beira', 'União das freguesias de Pêra Velha, Aldeia de Nacomba e Ariz'),
('\'18\'', 'Viseu', 'Moimenta da Beira', 'União das freguesias de Peva e Segões'),
('\'18\'', 'Viseu', 'Mortágua', 'Cercosa'),
('\'18\'', 'Viseu', 'Mortágua', 'Espinho'),
('\'18\'', 'Viseu', 'Mortágua', 'Marmeleira'),
('\'18\'', 'Viseu', 'Mortágua', 'Pala'),
('\'18\'', 'Viseu', 'Mortágua', 'Sobral'),
('\'18\'', 'Viseu', 'Mortágua', 'Trezói'),
('\'18\'', 'Viseu', 'Mortágua', 'União das freguesias de Mortágua, Vale de Remígio, Cortegaça e Almaça'),
('\'18\'', 'Viseu', 'Nelas', 'Canas de Senhorim'),
('\'18\'', 'Viseu', 'Nelas', 'Nelas'),
('\'18\'', 'Viseu', 'Nelas', 'Senhorim'),
('\'18\'', 'Viseu', 'Nelas', 'Vilar Seco'),
('\'18\'', 'Viseu', 'Nelas', 'Lapa do Lobo'),
('\'18\'', 'Viseu', 'Nelas', 'União das freguesias de Carvalhal Redondo e Aguieira'),
('\'18\'', 'Viseu', 'Nelas', 'União das freguesias de Santar e Moreira'),
('\'18\'', 'Viseu', 'Oliveira de Frades', 'Arcozelo das Maias'),
('\'18\'', 'Viseu', 'Oliveira de Frades', 'Pinheiro'),
('\'18\'', 'Viseu', 'Oliveira de Frades', 'Ribeiradio'),
('\'18\'', 'Viseu', 'Oliveira de Frades', 'São João da Serra'),
('\'18\'', 'Viseu', 'Oliveira de Frades', 'São Vicente de Lafões'),
('\'18\'', 'Viseu', 'Oliveira de Frades', 'União das freguesias de Arca e Varzielas'),
('\'18\'', 'Viseu', 'Oliveira de Frades', 'União das freguesias de Destriz e Reigoso'),
('\'18\'', 'Viseu', 'Oliveira de Frades', 'União das freguesias de Oliveira de Frades, Souto de Lafões e Sejães'),
('\'18\'', 'Viseu', 'Penalva do Castelo', 'Castelo de Penalva'),
('\'18\'', 'Viseu', 'Penalva do Castelo', 'Esmolfe'),
('\'18\'', 'Viseu', 'Penalva do Castelo', 'Germil'),
('\'18\'', 'Viseu', 'Penalva do Castelo', 'Ínsua'),
('\'18\'', 'Viseu', 'Penalva do Castelo', 'Lusinde'),
('\'18\'', 'Viseu', 'Penalva do Castelo', 'Pindo'),
('\'18\'', 'Viseu', 'Penalva do Castelo', 'Real'),
('\'18\'', 'Viseu', 'Penalva do Castelo', 'Sezures'),
('\'18\'', 'Viseu', 'Penalva do Castelo', 'Trancozelos'),
('\'18\'', 'Viseu', 'Penalva do Castelo', 'União das freguesias de Antas e Matela'),
('\'18\'', 'Viseu', 'Penalva do Castelo', 'União das freguesias de Vila Cova do Covelo/Mareco'),
('\'18\'', 'Viseu', 'Penedono', 'Beselga'),
('\'18\'', 'Viseu', 'Penedono', 'Castainço'),
('\'18\'', 'Viseu', 'Penedono', 'Penela da Beira'),
('\'18\'', 'Viseu', 'Penedono', 'Póvoa de Penela'),
('\'18\'', 'Viseu', 'Penedono', 'Souto'),
('\'18\'', 'Viseu', 'Penedono', 'União das freguesias de Antas e Ourozinho'),
('\'18\'', 'Viseu', 'Penedono', 'União das freguesias de Penedono e Granja'),
('\'18\'', 'Viseu', 'Resende', 'Barrô'),
('\'18\'', 'Viseu', 'Resende', 'Cárquere'),
('\'18\'', 'Viseu', 'Resende', 'Paus'),
('\'18\'', 'Viseu', 'Resende', 'Resende'),
('\'18\'', 'Viseu', 'Resende', 'São Cipriano'),
('\'18\'', 'Viseu', 'Resende', 'São João de Fontoura'),
('\'18\'', 'Viseu', 'Resende', 'São Martinho de Mouros'),
('\'18\'', 'Viseu', 'Resende', 'União das freguesias de Anreade e São Romão de Aregos'),
('\'18\'', 'Viseu', 'Resende', 'União das freguesias de Felgueiras e Feirão'),
('\'18\'', 'Viseu', 'Resende', 'União das freguesias de Freigil e Miomães'),
('\'18\'', 'Viseu', 'Resende', 'União das freguesias de Ovadas e Panchorra'),
('\'18\'', 'Viseu', 'Santa Comba Dão', 'Pinheiro de Ázere'),
('\'18\'', 'Viseu', 'Santa Comba Dão', 'São Joaninho'),
('\'18\'', 'Viseu', 'Santa Comba Dão', 'São João de Areias'),
('\'18\'', 'Viseu', 'Santa Comba Dão', 'União das freguesias de Ovoa e Vimieiro'),
('\'18\'', 'Viseu', 'Santa Comba Dão', 'União das freguesias de Santa Comba Dão e Couto do Mosteiro'),
('\'18\'', 'Viseu', 'Santa Comba Dão', 'União das freguesias de Treixedo e Nagozela'),
('\'18\'', 'Viseu', 'São João da Pesqueira', 'Castanheiro do Sul'),
('\'18\'', 'Viseu', 'São João da Pesqueira', 'Ervedosa do Douro'),
('\'18\'', 'Viseu', 'São João da Pesqueira', 'Nagozelo do Douro'),
('\'18\'', 'Viseu', 'São João da Pesqueira', 'Paredes da Beira'),
('\'18\'', 'Viseu', 'São João da Pesqueira', 'Riodades'),
('\'18\'', 'Viseu', 'São João da Pesqueira', 'Soutelo do Douro'),
('\'18\'', 'Viseu', 'São João da Pesqueira', 'Vale de Figueira'),
('\'18\'', 'Viseu', 'São João da Pesqueira', 'Valongo dos Azeites'),
('\'18\'', 'Viseu', 'São João da Pesqueira', 'União das freguesias de São João da Pesqueira e Várzea de Trevões'),
('\'18\'', 'Viseu', 'São João da Pesqueira', 'União das freguesias de Trevões e Espinhosa'),
('\'18\'', 'Viseu', 'São João da Pesqueira', 'União das freguesias de Vilarouco e Pereiros'),
('\'18\'', 'Viseu', 'São Pedro do Sul', 'Bordonhos'),
('\'18\'', 'Viseu', 'São Pedro do Sul', 'Figueiredo de Alva'),
('\'18\'', 'Viseu', 'São Pedro do Sul', 'Manhouce'),
('\'18\'', 'Viseu', 'São Pedro do Sul', 'Pindelo dos Milagres'),
('\'18\'', 'Viseu', 'São Pedro do Sul', 'Pinho'),
('\'18\'', 'Viseu', 'São Pedro do Sul', 'São Félix'),
('\'18\'', 'Viseu', 'São Pedro do Sul', 'Serrazes'),
('\'18\'', 'Viseu', 'São Pedro do Sul', 'Sul'),
('\'18\'', 'Viseu', 'São Pedro do Sul', 'Valadares'),
('\'18\'', 'Viseu', 'São Pedro do Sul', 'Vila Maior'),
('\'18\'', 'Viseu', 'São Pedro do Sul', 'União das freguesias de Carvalhais e Candal'),
('\'18\'', 'Viseu', 'São Pedro do Sul', 'União das freguesias de Santa Cruz da Trapa e São Cristóvão de Lafões'),
('\'18\'', 'Viseu', 'São Pedro do Sul', 'União das freguesias de São Martinho das Moitas e Covas do Rio'),
('\'18\'', 'Viseu', 'São Pedro do Sul', 'União das freguesias de São Pedro do Sul, Várzea e Baiões'),
('\'18\'', 'Viseu', 'Sátão', 'Avelal'),
('\'18\'', 'Viseu', 'Sátão', 'Ferreira de Aves'),
('\'18\'', 'Viseu', 'Sátão', 'Mioma'),
('\'18\'', 'Viseu', 'Sátão', 'Rio de Moinhos'),
('\'18\'', 'Viseu', 'Sátão', 'São Miguel de Vila Boa'),
('\'18\'', 'Viseu', 'Sátão', 'Sátão'),
('\'18\'', 'Viseu', 'Sátão', 'Silvã de Cima'),
('\'18\'', 'Viseu', 'Sátão', 'União das freguesias de Águas Boas e Forles'),
('\'18\'', 'Viseu', 'Sátão', 'União das freguesias de Romãs, Decermilo e Vila Longa'),
('\'18\'', 'Viseu', 'Sernancelhe', 'Arnas'),
('\'18\'', 'Viseu', 'Sernancelhe', 'Carregal'),
('\'18\'', 'Viseu', 'Sernancelhe', 'Chosendo'),
('\'18\'', 'Viseu', 'Sernancelhe', 'Cunha'),
('\'18\'', 'Viseu', 'Sernancelhe', 'Faia'),
('\'18\'', 'Viseu', 'Sernancelhe', 'Granjal'),
('\'18\'', 'Viseu', 'Sernancelhe', 'Lamosa'),
('\'18\'', 'Viseu', 'Sernancelhe', 'Quintela'),
('\'18\'', 'Viseu', 'Sernancelhe', 'Vila da Ponte'),
('\'18\'', 'Viseu', 'Sernancelhe', 'União das freguesias de Ferreirim e Macieira'),
('\'18\'', 'Viseu', 'Sernancelhe', 'União das freguesias de Fonte Arcada e Escurquela'),
('\'18\'', 'Viseu', 'Sernancelhe', 'União das freguesias de Penso e Freixinho'),
('\'18\'', 'Viseu', 'Sernancelhe', 'União das freguesias de Sernancelhe e Sarzeda'),
('\'18\'', 'Viseu', 'Tabuaço', 'Adorigo'),
('\'18\'', 'Viseu', 'Tabuaço', 'Arcos'),
('\'18\'', 'Viseu', 'Tabuaço', 'Chavães'),
('\'18\'', 'Viseu', 'Tabuaço', 'Desejosa'),
('\'18\'', 'Viseu', 'Tabuaço', 'Granja do Tedo'),
('\'18\'', 'Viseu', 'Tabuaço', 'Longa'),
('\'18\'', 'Viseu', 'Tabuaço', 'Sendim'),
('\'18\'', 'Viseu', 'Tabuaço', 'Tabuaço'),
('\'18\'', 'Viseu', 'Tabuaço', 'Valença do Douro'),
('\'18\'', 'Viseu', 'Tabuaço', 'União das freguesias de Barcos e Santa Leocádia'),
('\'18\'', 'Viseu', 'Tabuaço', 'União das freguesias de Paradela e Granjinha'),
('\'18\'', 'Viseu', 'Tabuaço', 'União das freguesias de Pinheiros e Vale de Figueira'),
('\'18\'', 'Viseu', 'Tabuaço', 'União das freguesias de Távora e Pereiro'),
('\'18\'', 'Viseu', 'Tarouca', 'Mondim da Beira'),
('\'18\'', 'Viseu', 'Tarouca', 'Salzedas'),
('\'18\'', 'Viseu', 'Tarouca', 'São João de Tarouca'),
('\'18\'', 'Viseu', 'Tarouca', 'Várzea da Serra'),
('\'18\'', 'Viseu', 'Tarouca', 'União das freguesias de Gouviães e Ucanha'),
('\'18\'', 'Viseu', 'Tarouca', 'União das freguesias de Granja Nova e Vila Chã da Beira'),
('\'18\'', 'Viseu', 'Tarouca', 'União das freguesias de Tarouca e Dálvares'),
('\'18\'', 'Viseu', 'Tondela', 'Campo de Besteiros'),
('\'18\'', 'Viseu', 'Tondela', 'Canas de Santa Maria'),
('\'18\'', 'Viseu', 'Tondela', 'Castelões'),
('\'18\'', 'Viseu', 'Tondela', 'Dardavaz'),
('\'18\'', 'Viseu', 'Tondela', 'Ferreirós do Dão'),
('\'18\'', 'Viseu', 'Tondela', 'Guardão'),
('\'18\'', 'Viseu', 'Tondela', 'Lajeosa do Dão'),
('\'18\'', 'Viseu', 'Tondela', 'Lobão da Beira'),
('\'18\'', 'Viseu', 'Tondela', 'Molelos'),
('\'18\'', 'Viseu', 'Tondela', 'Parada de Gonta'),
('\'18\'', 'Viseu', 'Tondela', 'Santiago de Besteiros'),
('\'18\'', 'Viseu', 'Tondela', 'Tonda'),
('\'18\'', 'Viseu', 'Tondela', 'União das freguesias de Barreiro de Besteiros e Tourigo'),
('\'18\'', 'Viseu', 'Tondela', 'União das freguesias de Caparrosa e Silvares'),
('\'18\'', 'Viseu', 'Tondela', 'União das freguesias de Mouraz e Vila Nova da Rainha'),
('\'18\'', 'Viseu', 'Tondela', 'União das freguesias de São João do Monte e Mosteirinho'),
('\'18\'', 'Viseu', 'Tondela', 'União das freguesias de São Miguel do Outeiro e Sabugosa'),
('\'18\'', 'Viseu', 'Tondela', 'União das freguesias de Tondela e Nandufe'),
('\'18\'', 'Viseu', 'Tondela', 'União das freguesias de Vilar de Besteiros e Mosteiro de Fráguas'),
('\'18\'', 'Viseu', 'Vila Nova de Paiva', 'Pendilhe'),
('\'18\'', 'Viseu', 'Vila Nova de Paiva', 'Queiriga'),
('\'18\'', 'Viseu', 'Vila Nova de Paiva', 'Touro'),
('\'18\'', 'Viseu', 'Vila Nova de Paiva', 'Vila Cova à Coelheira'),
('\'18\'', 'Viseu', 'Vila Nova de Paiva', 'União das freguesias de Vila Nova de Paiva, Alhais e Fráguas'),
('\'18\'', 'Viseu', 'Viseu', 'Abraveses'),
('\'18\'', 'Viseu', 'Viseu', 'Bodiosa'),
('\'18\'', 'Viseu', 'Viseu', 'Calde'),
('\'18\'', 'Viseu', 'Viseu', 'Campo'),
('\'18\'', 'Viseu', 'Viseu', 'Cavernães'),
('\'18\'', 'Viseu', 'Viseu', 'Cota'),
('\'18\'', 'Viseu', 'Viseu', 'Fragosela'),
('\'18\'', 'Viseu', 'Viseu', 'Lordosa'),
('\'18\'', 'Viseu', 'Viseu', 'Silgueiros'),
('\'18\'', 'Viseu', 'Viseu', 'Mundão'),
('\'18\'', 'Viseu', 'Viseu', 'Orgens'),
('\'18\'', 'Viseu', 'Viseu', 'Povolide'),
('\'18\'', 'Viseu', 'Viseu', 'Ranhados'),
('\'18\'', 'Viseu', 'Viseu', 'Ribafeita'),
('\'18\'', 'Viseu', 'Viseu', 'Rio de Loba'),
('\'18\'', 'Viseu', 'Viseu', 'Santos Evos'),
('\'18\'', 'Viseu', 'Viseu', 'São João de Lourosa'),
('\'18\'', 'Viseu', 'Viseu', 'São Pedro de France'),
('\'18\'', 'Viseu', 'Viseu', 'União das freguesias de Barreiros e Cepões'),
('\'18\'', 'Viseu', 'Viseu', 'União das freguesias de Boa Aldeia, Farminhão e Torredeita'),
('\'18\'', 'Viseu', 'Viseu', 'União das freguesias de Couto de Baixo e Couto de Cima'),
('\'18\'', 'Viseu', 'Viseu', 'União das freguesias de Faíl e Vila Chã de Sá'),
('\'18\'', 'Viseu', 'Viseu', 'União das freguesias de Repeses e São Salvador'),
('\'18\'', 'Viseu', 'Viseu', 'União das freguesias de São Cipriano e Vil de Souto'),
('\'18\'', 'Viseu', 'Viseu', 'União das freguesias de Viseu'),
('\'18\'', 'Viseu', 'Vouzela', 'Alcofra'),
('\'18\'', 'Viseu', 'Vouzela', 'Campia'),
('\'18\'', 'Viseu', 'Vouzela', 'Fornelo do Monte'),
('\'18\'', 'Viseu', 'Vouzela', 'Queirã'),
('\'18\'', 'Viseu', 'Vouzela', 'São Miguel do Mato'),
('\'18\'', 'Viseu', 'Vouzela', 'Ventosa'),
('\'18\'', 'Viseu', 'Vouzela', 'União das freguesias de Cambra e Carvalhal de Vermilhas'),
('\'18\'', 'Viseu', 'Vouzela', 'União das freguesias de Fataunços e Figueiredo das Donas'),
('\'18\'', 'Viseu', 'Vouzela', 'União das freguesias de Vouzela e Paços de Vilharigues');

-- --------------------------------------------------------

--
-- Estrutura da tabela `marca`
--

CREATE TABLE `marca` (
  `id_marca` int(11) NOT NULL,
  `marca` varchar(30) NOT NULL
) ENGINE=InnoDB DEFAULT CHARSET=latin1;

--
-- Extraindo dados da tabela `marca`
--

INSERT INTO `marca` (`id_marca`, `marca`) VALUES
(2, 'Abarth'),
(3, 'Aixam'),
(4, 'Alfa Romeo'),
(6, 'Aston Martin'),
(7, 'Audi'),
(8, 'Austin Morris'),
(9, 'Bentley'),
(10, 'BMW'),
(11, 'Cadillac'),
(12, 'Chatenet'),
(13, 'Chevrolet'),
(14, 'Chrysler'),
(15, 'Citroen'),
(16, 'Dacia'),
(17, 'Daewoo'),
(18, 'Daihatsu'),
(19, 'Datsun'),
(20, 'Dodge'),
(21, 'DS'),
(22, 'Ferrari'),
(23, 'Fiat'),
(24, 'Fisker'),
(25, 'Ford'),
(26, 'Honda'),
(27, 'Hummer'),
(28, 'Hyundai'),
(29, 'Infiniti'),
(30, 'Isuzu'),
(31, 'Jaguar'),
(32, 'Jeep'),
(33, 'Kia'),
(34, 'Lamborghini'),
(35, 'Lancia'),
(36, 'Land Rover'),
(37, 'Lexus'),
(38, 'Ligier'),
(39, 'Maybach'),
(40, 'Mazda'),
(41, 'McLaren'),
(42, 'Mercedes-Benz'),
(43, 'MG'),
(44, 'Microcar'),
(45, 'MINI'),
(46, 'Mitsubishi'),
(47, 'Morgan'),
(48, 'Nissan'),
(49, 'Opel'),
(50, 'Outra '),
(51, 'Peugeot'),
(52, 'Porsche'),
(53, 'Renault'),
(54, 'Rolls Royce'),
(55, 'Rover'),
(56, 'Saab'),
(57, 'SEAT'),
(58, 'Skoda'),
(59, 'Smart'),
(60, 'SsangYong'),
(61, 'Subaru'),
(62, 'Suzuki'),
(63, 'Tata'),
(64, 'Tesla'),
(65, 'Toyota'),
(66, 'Triumph'),
(67, 'UMM'),
(68, 'Vauxhall'),
(69, 'Volvo'),
(70, 'VW');

-- --------------------------------------------------------

--
-- Estrutura da tabela `mes`
--

CREATE TABLE `mes` (
  `id_mes` int(11) NOT NULL,
  `mes` varchar(40) NOT NULL
) ENGINE=InnoDB DEFAULT CHARSET=latin1;

--
-- Extraindo dados da tabela `mes`
--

INSERT INTO `mes` (`id_mes`, `mes`) VALUES
(1, 'Janeiro'),
(2, 'Fevereiro'),
(3, 'Março'),
(4, 'Abril'),
(5, 'Maio'),
(6, 'Junho'),
(7, 'Julho'),
(8, 'Agosto'),
(9, 'Setembro'),
(10, 'Outubro'),
(11, 'Novembro'),
(12, 'Dezembro');

-- --------------------------------------------------------

--
-- Estrutura da tabela `modelo`
--

CREATE TABLE `modelo` (
  `id_modelo` int(11) NOT NULL,
  `modelo` varchar(30) NOT NULL,
  `id_marca` int(11) NOT NULL
) ENGINE=InnoDB DEFAULT CHARSET=latin1;

--
-- Extraindo dados da tabela `modelo`
--

INSERT INTO `modelo` (`id_modelo`, `modelo`, `id_marca`) VALUES
(1, '124 Spider', 2),
(2, '500', 2),
(3, '500C', 2),
(4, '595', 2),
(5, '595C', 2),
(6, '695', 2),
(7, '695C', 2),
(8, '400', 3),
(9, 'A540', 3),
(10, 'City', 3),
(11, 'Crossline', 3),
(12, 'Minauto', 3),
(13, '145', 4),
(14, '147', 4),
(15, '156', 4),
(16, '156 Sportwagon', 4),
(17, '159', 4),
(18, '159 Sporwagon', 4),
(19, '166', 4),
(20, '4C', 4),
(21, 'Alfetta', 4),
(22, 'Brera', 4),
(23, 'Giulia', 4),
(24, 'Giulietta', 4),
(25, 'GT', 4),
(26, 'GTV', 4),
(27, 'MiTo', 4),
(28, 'Spider', 4),
(29, 'Stelvio', 4),
(30, 'DB11', 6),
(31, 'DB7', 6),
(32, 'DB9', 6),
(33, 'Rapide', 6),
(34, 'V12 Vanquish', 6),
(35, 'V12 Vantage', 6),
(36, 'V8', 6),
(37, 'V8 Vantage Coupe', 6),
(38, 'V8 Vantage Roadster', 6),
(39, '100 Avant', 7),
(40, '80', 7),
(41, '80 Avant', 7),
(42, 'A1', 7),
(43, 'A1 Sportback', 7),
(44, 'A2', 7),
(45, 'A3', 7),
(46, 'A3 Cabrio', 7),
(47, 'A3 Limousine', 7),
(48, 'A3 Sportback', 7),
(49, 'A4', 7),
(50, 'A4 Allroad', 7),
(51, 'A4 Avant', 7),
(52, 'A4 Cabrio', 7),
(53, 'A5', 7),
(54, 'A5 Cabrio', 7),
(55, 'A5 Sportback', 7),
(56, 'A6 ', 7),
(57, 'A6 Allroad', 7),
(58, 'A6 Avant', 7),
(59, 'A7', 7),
(60, 'A8', 7),
(61, 'Q2', 7),
(62, 'Q3', 7),
(63, 'Q5', 7),
(64, 'Q7', 7),
(65, 'Q8', 7),
(66, 'Quattro', 7),
(67, 'R8', 7),
(68, 'R53', 7),
(69, 'R54', 7),
(70, 'R55', 7),
(71, 'R56', 7),
(72, 'S3', 7),
(73, 'S5', 7),
(74, 'S6', 7),
(75, 'S6 Avant', 7),
(76, 'S7', 7),
(77, 'S7', 7),
(78, 'S8', 7),
(79, 'SQ5', 7),
(80, 'SQ7', 7),
(81, 'TT', 7),
(82, '1300', 8),
(83, 'Mini', 8),
(84, 'Bentayga', 9),
(85, 'Continental', 9),
(86, 'Continental Flying Spur', 9),
(87, 'Continental GTC', 9),
(88, 'S1', 9),
(89, 'S2', 9),
(90, 'Turbo R', 9);

-- --------------------------------------------------------

--
-- Estrutura da tabela `potencia_pesquisar`
--

CREATE TABLE `potencia_pesquisar` (
  `id_potencia` int(11) NOT NULL,
  `potencia` int(11) NOT NULL
) ENGINE=InnoDB DEFAULT CHARSET=latin1;

--
-- Extraindo dados da tabela `potencia_pesquisar`
--

INSERT INTO `potencia_pesquisar` (`id_potencia`, `potencia`) VALUES
(1, 50),
(2, 100),
(3, 150),
(4, 200),
(5, 300),
(6, 400),
(7, 500);

-- --------------------------------------------------------

--
-- Estrutura da tabela `preco`
--

CREATE TABLE `preco` (
  `id_preco` int(11) NOT NULL,
  `preco` int(11) NOT NULL,
  `id_carro` int(11) NOT NULL
) ENGINE=InnoDB DEFAULT CHARSET=latin1;

-- --------------------------------------------------------

--
-- Estrutura da tabela `preco_pesquisar`
--

CREATE TABLE `preco_pesquisar` (
  `id_preco` int(11) NOT NULL,
  `preco` int(11) NOT NULL
) ENGINE=InnoDB DEFAULT CHARSET=latin1;

--
-- Extraindo dados da tabela `preco_pesquisar`
--

INSERT INTO `preco_pesquisar` (`id_preco`, `preco`) VALUES
(1, 100),
(2, 200),
(3, 500),
(4, 1000),
(5, 2000),
(6, 5000),
(7, 10000),
(8, 20000),
(9, 50000),
(10, 100000),
(11, 500000),
(12, 1000000);

-- --------------------------------------------------------

--
-- Estrutura da tabela `tipo_caixa`
--

CREATE TABLE `tipo_caixa` (
  `id_caixa` int(11) NOT NULL,
  `caixa` varchar(40) NOT NULL
) ENGINE=InnoDB DEFAULT CHARSET=latin1;

--
-- Extraindo dados da tabela `tipo_caixa`
--

INSERT INTO `tipo_caixa` (`id_caixa`, `caixa`) VALUES
(1, 'Manual'),
(2, 'Semi-automática'),
(3, 'Automática');

-- --------------------------------------------------------

--
-- Estrutura da tabela `utilizadores`
--

CREATE TABLE `utilizadores` (
  `id_utilizador` int(11) NOT NULL,
  `1nome` varchar(30) NOT NULL,
  `ultimo_nome` varchar(30) NOT NULL,
  `email` varchar(40) NOT NULL,
  `password` varchar(40) NOT NULL,
  `data_registo` datetime NOT NULL,
  `ultima_entrada` datetime NOT NULL,
  `tipo_user` int(11) NOT NULL,
  `contato` int(9) NOT NULL,
  `cidade` varchar(50) NOT NULL,
  `morada` varchar(200) NOT NULL,
  `codigo_postal` varchar(20) NOT NULL
) ENGINE=InnoDB DEFAULT CHARSET=latin1;

--
-- Extraindo dados da tabela `utilizadores`
--

INSERT INTO `utilizadores` (`id_utilizador`, `1nome`, `ultimo_nome`, `email`, `password`, `data_registo`, `ultima_entrada`, `tipo_user`, `contato`, `cidade`, `morada`, `codigo_postal`) VALUES
(1, 'André', '', 'andrepedrosaantunes@gmail.com', '12345678', '2019-04-24 23:33:34', '2019-04-24 23:33:34', 0, 960442568, 'Figueira da Foz', 'Rua Dr. Lopes Guimarães nº 56', ''),
(29, '', '', 'santozito12@gmail.com', '12345678', '2019-04-24 23:47:29', '2019-04-24 23:47:29', 0, 0, '', '', ''),
(30, '', '', 'andrematias@gmail.com', '12345678', '2019-04-30 09:20:15', '2019-04-30 09:20:15', 0, 0, '', '', ''),
(31, '', '', 'marcopinheiro@gmail.com', '12345678', '2019-04-30 09:21:22', '2019-04-30 09:21:22', 0, 0, '', '', ''),
(32, '', '', 'saraantunes@gmail.com', '12345678', '2019-04-30 09:22:38', '2019-04-30 09:22:38', 0, 0, '', '', ''),
(33, '', '', 'brunolopes@gmail.com', '12345678', '2019-04-30 09:25:47', '2019-04-30 09:25:47', 0, 0, '', '', '');

--
-- Indexes for dumped tables
--

--
-- Indexes for table `ano`
--
ALTER TABLE `ano`
  ADD PRIMARY KEY (`id_ano`);

--
-- Indexes for table `carro`
--
ALTER TABLE `carro`
  ADD PRIMARY KEY (`id_carro`),
  ADD KEY `id_utilizador` (`id_utilizador`),
  ADD KEY `id_marca` (`id_marca`),
  ADD KEY `id_modelo` (`id_modelo`),
  ADD KEY `id_ano` (`id_ano`),
  ADD KEY `id_mes` (`id_mes`),
  ADD KEY `id_preco` (`preco`),
  ADD KEY `id_km` (`km`),
  ADD KEY `id_combustivel` (`id_combustivel`),
  ADD KEY `id_potencia` (`potencia`),
  ADD KEY `id_cilindrada` (`cilindrada`),
  ADD KEY `id_cor` (`id_cor`),
  ADD KEY `id_caixa` (`id_caixa`),
  ADD KEY `id_contato` (`id_extras`);

--
-- Indexes for table `combustivel`
--
ALTER TABLE `combustivel`
  ADD PRIMARY KEY (`id_combustivel`);

--
-- Indexes for table `cor`
--
ALTER TABLE `cor`
  ADD PRIMARY KEY (`id_cor`);

--
-- Indexes for table `data_inserido`
--
ALTER TABLE `data_inserido`
  ADD PRIMARY KEY (`id_data`),
  ADD KEY `id_carro` (`id_carro`);

--
-- Indexes for table `distrito`
--
ALTER TABLE `distrito`
  ADD PRIMARY KEY (`id_distrito`);

--
-- Indexes for table `extras`
--
ALTER TABLE `extras`
  ADD PRIMARY KEY (`id_extras`);

--
-- Indexes for table `imagens`
--
ALTER TABLE `imagens`
  ADD PRIMARY KEY (`id_imagens`),
  ADD KEY `id_carro` (`id_carro`);

--
-- Indexes for table `km_pesquisar`
--
ALTER TABLE `km_pesquisar`
  ADD PRIMARY KEY (`id_km`);

--
-- Indexes for table `marca`
--
ALTER TABLE `marca`
  ADD PRIMARY KEY (`id_marca`);

--
-- Indexes for table `mes`
--
ALTER TABLE `mes`
  ADD PRIMARY KEY (`id_mes`);

--
-- Indexes for table `modelo`
--
ALTER TABLE `modelo`
  ADD PRIMARY KEY (`id_modelo`),
  ADD KEY `id_marca` (`id_marca`);

--
-- Indexes for table `potencia_pesquisar`
--
ALTER TABLE `potencia_pesquisar`
  ADD PRIMARY KEY (`id_potencia`);

--
-- Indexes for table `preco`
--
ALTER TABLE `preco`
  ADD PRIMARY KEY (`id_preco`),
  ADD KEY `id_carro` (`id_carro`);

--
-- Indexes for table `preco_pesquisar`
--
ALTER TABLE `preco_pesquisar`
  ADD PRIMARY KEY (`id_preco`);

--
-- Indexes for table `tipo_caixa`
--
ALTER TABLE `tipo_caixa`
  ADD PRIMARY KEY (`id_caixa`);

--
-- Indexes for table `utilizadores`
--
ALTER TABLE `utilizadores`
  ADD PRIMARY KEY (`id_utilizador`);

--
-- AUTO_INCREMENT for dumped tables
--

--
-- AUTO_INCREMENT for table `ano`
--
ALTER TABLE `ano`
  MODIFY `id_ano` int(11) NOT NULL AUTO_INCREMENT, AUTO_INCREMENT=71;

--
-- AUTO_INCREMENT for table `carro`
--
ALTER TABLE `carro`
  MODIFY `id_carro` int(11) NOT NULL AUTO_INCREMENT, AUTO_INCREMENT=26;

--
-- AUTO_INCREMENT for table `combustivel`
--
ALTER TABLE `combustivel`
  MODIFY `id_combustivel` int(11) NOT NULL AUTO_INCREMENT, AUTO_INCREMENT=7;

--
-- AUTO_INCREMENT for table `cor`
--
ALTER TABLE `cor`
  MODIFY `id_cor` int(11) NOT NULL AUTO_INCREMENT, AUTO_INCREMENT=15;

--
-- AUTO_INCREMENT for table `data_inserido`
--
ALTER TABLE `data_inserido`
  MODIFY `id_data` int(11) NOT NULL AUTO_INCREMENT, AUTO_INCREMENT=33;

--
-- AUTO_INCREMENT for table `distrito`
--
ALTER TABLE `distrito`
  MODIFY `id_distrito` int(11) NOT NULL AUTO_INCREMENT, AUTO_INCREMENT=50;

--
-- AUTO_INCREMENT for table `extras`
--
ALTER TABLE `extras`
  MODIFY `id_extras` int(11) NOT NULL AUTO_INCREMENT, AUTO_INCREMENT=26;

--
-- AUTO_INCREMENT for table `imagens`
--
ALTER TABLE `imagens`
  MODIFY `id_imagens` int(11) NOT NULL AUTO_INCREMENT, AUTO_INCREMENT=24;

--
-- AUTO_INCREMENT for table `km_pesquisar`
--
ALTER TABLE `km_pesquisar`
  MODIFY `id_km` int(11) NOT NULL AUTO_INCREMENT, AUTO_INCREMENT=10;

--
-- AUTO_INCREMENT for table `marca`
--
ALTER TABLE `marca`
  MODIFY `id_marca` int(11) NOT NULL AUTO_INCREMENT, AUTO_INCREMENT=71;

--
-- AUTO_INCREMENT for table `mes`
--
ALTER TABLE `mes`
  MODIFY `id_mes` int(11) NOT NULL AUTO_INCREMENT, AUTO_INCREMENT=13;

--
-- AUTO_INCREMENT for table `modelo`
--
ALTER TABLE `modelo`
  MODIFY `id_modelo` int(11) NOT NULL AUTO_INCREMENT, AUTO_INCREMENT=91;

--
-- AUTO_INCREMENT for table `potencia_pesquisar`
--
ALTER TABLE `potencia_pesquisar`
  MODIFY `id_potencia` int(11) NOT NULL AUTO_INCREMENT, AUTO_INCREMENT=8;

--
-- AUTO_INCREMENT for table `preco`
--
ALTER TABLE `preco`
  MODIFY `id_preco` int(11) NOT NULL AUTO_INCREMENT;

--
-- AUTO_INCREMENT for table `preco_pesquisar`
--
ALTER TABLE `preco_pesquisar`
  MODIFY `id_preco` int(11) NOT NULL AUTO_INCREMENT, AUTO_INCREMENT=13;

--
-- AUTO_INCREMENT for table `tipo_caixa`
--
ALTER TABLE `tipo_caixa`
  MODIFY `id_caixa` int(11) NOT NULL AUTO_INCREMENT, AUTO_INCREMENT=4;

--
-- AUTO_INCREMENT for table `utilizadores`
--
ALTER TABLE `utilizadores`
  MODIFY `id_utilizador` int(11) NOT NULL AUTO_INCREMENT, AUTO_INCREMENT=34;

--
-- Constraints for dumped tables
--

--
-- Limitadores para a tabela `carro`
--
ALTER TABLE `carro`
  ADD CONSTRAINT `carro_ibfk_1` FOREIGN KEY (`id_utilizador`) REFERENCES `utilizadores` (`id_utilizador`),
  ADD CONSTRAINT `carro_ibfk_11` FOREIGN KEY (`id_cor`) REFERENCES `cor` (`id_cor`),
  ADD CONSTRAINT `carro_ibfk_12` FOREIGN KEY (`id_caixa`) REFERENCES `tipo_caixa` (`id_caixa`),
  ADD CONSTRAINT `carro_ibfk_2` FOREIGN KEY (`id_marca`) REFERENCES `marca` (`id_marca`),
  ADD CONSTRAINT `carro_ibfk_3` FOREIGN KEY (`id_modelo`) REFERENCES `modelo` (`id_modelo`),
  ADD CONSTRAINT `carro_ibfk_4` FOREIGN KEY (`id_ano`) REFERENCES `ano` (`id_ano`),
  ADD CONSTRAINT `carro_ibfk_5` FOREIGN KEY (`id_mes`) REFERENCES `mes` (`id_mes`),
  ADD CONSTRAINT `carro_ibfk_8` FOREIGN KEY (`id_combustivel`) REFERENCES `combustivel` (`id_combustivel`);

--
-- Limitadores para a tabela `modelo`
--
ALTER TABLE `modelo`
  ADD CONSTRAINT `modelo_ibfk_1` FOREIGN KEY (`id_marca`) REFERENCES `marca` (`id_marca`);

--
-- Limitadores para a tabela `preco`
--
ALTER TABLE `preco`
  ADD CONSTRAINT `preco_ibfk_1` FOREIGN KEY (`id_carro`) REFERENCES `carro` (`id_carro`);
COMMIT;

/*!40101 SET CHARACTER_SET_CLIENT=@OLD_CHARACTER_SET_CLIENT */;
/*!40101 SET CHARACTER_SET_RESULTS=@OLD_CHARACTER_SET_RESULTS */;
/*!40101 SET COLLATION_CONNECTION=@OLD_COLLATION_CONNECTION */;
